Purchase;WeekofPurchase;StoreID;PriceCH;PriceMM;DiscCH;DiscMM;SpecialCH;SpecialMM;LoyalCH;SalePriceMM;SalePriceCH;PriceDiff;Store7;PctDiscMM;PctDiscCH;ListPriceDiff;STORE
CH;237;1;1,75;1,99;0,00;0,00;0;0;0,500000;1,99;1,75;0,24;No;0,000000;0,000000;0,24;1
CH;239;1;1,75;1,99;0,00;0,30;0;1;0,600000;1,69;1,75;-0,06;No;0,150754;0,000000;0,24;1
CH;245;1;1,86;2,09;0,17;0,00;0;0;0,680000;2,09;1,69;0,40;No;0,000000;0,091398;0,23;1
MM;227;1;1,69;1,69;0,00;0,00;0;0;0,400000;1,69;1,69;0,00;No;0,000000;0,000000;0,00;1
CH;228;7;1,69;1,69;0,00;0,00;0;0;0,956535;1,69;1,69;0,00;Yes;0,000000;0,000000;0,00;0
CH;230;7;1,69;1,99;0,00;0,00;0;1;0,965228;1,99;1,69;0,30;Yes;0,000000;0,000000;0,30;0
CH;232;7;1,69;1,99;0,00;0,40;1;1;0,972182;1,59;1,69;-0,10;Yes;0,201005;0,000000;0,30;0
CH;234;7;1,75;1,99;0,00;0,40;1;0;0,977746;1,59;1,75;-0,16;Yes;0,201005;0,000000;0,24;0
CH;235;7;1,75;1,99;0,00;0,40;0;0;0,982197;1,59;1,75;-0,16;Yes;0,201005;0,000000;0,24;0
CH;238;7;1,75;1,99;0,00;0,40;0;0;0,985757;1,59;1,75;-0,16;Yes;0,201005;0,000000;0,24;0
CH;240;7;1,86;2,09;0,00;0,00;0;0;0,988606;2,09;1,86;0,23;Yes;0,000000;0,000000;0,23;0
CH;263;7;1,86;2,13;0,27;0,00;0;0;0,990885;2,13;1,59;0,54;Yes;0,000000;0,145161;0,27;0
CH;276;7;1,99;2,13;0,00;0,54;0;1;0,992708;1,59;1,99;-0,40;Yes;0,253521;0,000000;0,14;0
CH;268;7;1,86;2,13;0,00;0,00;0;0;0,680000;2,13;1,86;0,27;Yes;0,000000;0,000000;0,27;0
CH;278;7;2,06;2,13;0,00;0,00;0;0;0,744000;2,13;2,06;0,07;Yes;0,000000;0,000000;0,07;0
CH;278;7;2,06;2,13;0,00;0,00;0;0;0,795200;2,13;2,06;0,07;Yes;0,000000;0,000000;0,07;0
MM;240;1;1,75;1,99;0,00;0,30;0;1;0,500000;1,69;1,75;-0,06;No;0,150754;0,000000;0,24;1
MM;268;2;1,86;2,18;0,00;0,00;0;1;0,400000;2,18;1,86;0,32;No;0,000000;0,000000;0,32;2
MM;269;2;1,86;2,18;0,00;0,00;0;0;0,320000;2,18;1,86;0,32;No;0,000000;0,000000;0,32;2
CH;254;7;1,86;2,18;0,00;0,00;0;0;0,500000;2,18;1,86;0,32;Yes;0,000000;0,000000;0,32;0
CH;257;7;1,86;2,18;0,00;0,00;0;0;0,600000;2,18;1,86;0,32;Yes;0,000000;0,000000;0,32;0
CH;258;1;1,76;2,18;0,00;0,00;0;0;0,680000;2,18;1,76;0,42;No;0,000000;0,000000;0,42;1
CH;259;7;1,86;2,18;0,00;0,00;0;0;0,744000;2,18;1,86;0,32;Yes;0,000000;0,000000;0,32;0
CH;264;7;1,86;2,13;0,37;0,00;1;0;0,795200;2,13;1,49;0,64;Yes;0,000000;0,198925;0,27;0
CH;268;7;1,86;2,13;0,00;0,00;0;0;0,836160;2,13;1,86;0,27;Yes;0,000000;0,000000;0,27;0
CH;269;7;1,86;2,13;0,27;0,00;1;0;0,868928;2,13;1,59;0,54;Yes;0,000000;0,145161;0,27;0
CH;271;7;1,86;2,13;0,00;0,00;0;0;0,895142;2,13;1,86;0,27;Yes;0,000000;0,000000;0,27;0
CH;272;7;1,86;2,13;0,00;0,00;0;0;0,916114;2,13;1,86;0,27;Yes;0,000000;0,000000;0,27;0
CH;274;7;1,86;2,13;0,47;0,54;1;0;0,932891;1,59;1,39;0,20;Yes;0,253521;0,252688;0,27;0
CH;278;7;2,06;2,13;0,00;0,00;0;0;0,946313;2,13;2,06;0,07;Yes;0,000000;0,000000;0,07;0
CH;246;2;1,89;2,09;0,00;0,00;0;0;0,500000;2,09;1,89;0,20;No;0,000000;0,000000;0,20;2
CH;265;7;1,86;2,13;0,37;0,00;1;0;0,600000;2,13;1,49;0,64;Yes;0,000000;0,198925;0,27;0
MM;275;2;1,96;2,18;0,00;0,80;0;1;0,680000;1,38;1,96;-0,58;No;0,366972;0,000000;0,22;2
MM;232;2;1,69;1,69;0,00;0,00;1;0;0,680000;1,69;1,69;0,00;No;0,000000;0,000000;0,00;2
CH;251;3;1,99;2,23;0,00;0,00;0;0;0,544000;2,23;1,99;0,24;No;0,000000;0,000000;0,24;3
CH;256;3;1,99;2,29;0,00;0,00;0;0;0,635200;2,29;1,99;0,30;No;0,000000;0,000000;0,30;3
CH;258;1;1,76;2,18;0,00;0,00;0;0;0,708160;2,18;1,76;0,42;No;0,000000;0,000000;0,42;1
CH;277;1;1,99;2,13;0,24;0,00;0;0;0,795200;2,13;1,75;0,38;No;0,000000;0,120603;0,14;1
CH;271;4;1,99;2,09;0,10;0,40;1;0;0,400000;1,69;1,89;-0,20;No;0,191388;0,050251;0,10;4
CH;227;4;1,79;1,79;0,00;0,00;0;1;0,920961;1,79;1,79;0,00;No;0,000000;0,000000;0,00;4
CH;229;4;1,79;1,79;0,00;0,00;0;0;0,936769;1,79;1,79;0,00;No;0,000000;0,000000;0,00;4
CH;230;4;1,79;1,79;0,00;0,00;0;0;0,949415;1,79;1,79;0,00;No;0,000000;0,000000;0,00;4
CH;233;4;1,79;2,09;0,00;0,00;0;0;0,959532;2,09;1,79;0,30;No;0,000000;0,000000;0,30;4
CH;236;4;1,79;2,09;0,00;0,00;0;0;0,967626;2,09;1,79;0,30;No;0,000000;0,000000;0,30;4
MM;237;4;1,79;2,09;0,00;0,00;0;0;0,974100;2,09;1,79;0,30;No;0,000000;0,000000;0,30;4
CH;240;4;1,79;2,23;0,00;0,00;0;0;0,779280;2,23;1,79;0,44;No;0,000000;0,000000;0,44;4
CH;244;4;1,99;2,23;0,00;0,00;0;0;0,823424;2,23;1,99;0,24;No;0,000000;0,000000;0,24;4
CH;245;4;1,99;2,23;0,00;0,00;0;0;0,858739;2,23;1,99;0,24;No;0,000000;0,000000;0,24;4
CH;246;4;1,99;2,23;0,00;0,00;0;0;0,886992;2,23;1,99;0,24;No;0,000000;0,000000;0,24;4
CH;247;4;1,99;2,23;0,00;0,00;0;0;0,909593;2,23;1,99;0,24;No;0,000000;0,000000;0,24;4
MM;248;4;1,99;2,23;0,00;0,00;0;0;0,927675;2,23;1,99;0,24;No;0,000000;0,000000;0,24;4
CH;249;4;1,99;2,23;0,00;0,00;0;0;0,742140;2,23;1,99;0,24;No;0,000000;0,000000;0,24;4
CH;252;4;1,99;2,23;0,00;0,00;0;0;0,793712;2,23;1,99;0,24;No;0,000000;0,000000;0,24;4
MM;254;4;1,99;2,29;0,00;0,00;1;0;0,834969;2,29;1,99;0,30;No;0,000000;0,000000;0,30;4
CH;256;4;1,99;2,29;0,00;0,00;0;0;0,667976;2,29;1,99;0,30;No;0,000000;0,000000;0,30;4
CH;256;4;1,99;2,29;0,00;0,00;0;0;0,734380;2,29;1,99;0,30;No;0,000000;0,000000;0,30;4
CH;257;4;1,99;2,29;0,00;0,40;0;1;0,787504;1,89;1,99;-0,10;No;0,174672;0,000000;0,30;4
CH;258;4;1,99;2,29;0,00;0,00;0;0;0,830003;2,29;1,99;0,30;No;0,000000;0,000000;0,30;4
CH;258;7;1,86;2,18;0,00;0,00;0;0;0,864003;2,18;1,86;0,32;Yes;0,000000;0,000000;0,32;0
CH;259;4;1,99;2,29;0,00;0,00;0;0;0,891202;2,29;1,99;0,30;No;0,000000;0,000000;0,30;4
CH;260;4;1,99;2,09;0,00;0,00;0;0;0,912962;2,09;1,99;0,10;No;0,000000;0,000000;0,10;4
CH;263;4;1,99;2,09;0,00;0,00;0;0;0,930369;2,09;1,99;0,10;No;0,000000;0,000000;0,10;4
MM;265;4;1,99;2,09;0,10;0,00;0;0;0,944296;2,09;1,89;0,20;No;0,000000;0,050251;0,10;4
CH;265;4;1,99;2,09;0,10;0,00;0;0;0,755436;2,09;1,89;0,20;No;0,000000;0,050251;0,10;4
CH;266;4;1,99;2,09;0,10;0,00;0;0;0,804349;2,09;1,89;0,20;No;0,000000;0,050251;0,10;4
CH;267;4;1,99;2,09;0,10;0,00;0;0;0,843479;2,09;1,89;0,20;No;0,000000;0,050251;0,10;4
MM;269;4;1,99;2,09;0,10;0,00;0;0;0,874783;2,09;1,89;0,20;No;0,000000;0,050251;0,10;4
MM;270;4;1,99;2,09;0,10;0,00;0;0;0,699827;2,09;1,89;0,20;No;0,000000;0,050251;0,10;4
CH;272;4;1,99;2,09;0,00;0,40;0;0;0,559861;1,69;1,99;-0,30;No;0,191388;0,000000;0,10;4
CH;272;4;1,99;2,09;0,00;0,40;0;0;0,647889;1,69;1,99;-0,30;No;0,191388;0,000000;0,10;4
CH;274;4;1,99;2,09;0,00;0,40;0;0;0,718311;1,69;1,99;-0,30;No;0,191388;0,000000;0,10;4
CH;275;4;2,09;2,09;0,00;0,40;0;0;0,774649;1,69;2,09;-0,40;No;0,191388;0,000000;0,00;4
CH;276;4;2,09;2,09;0,20;0,40;0;0;0,819719;1,69;1,89;-0,20;No;0,191388;0,095694;0,00;4
CH;278;4;2,09;2,09;0,20;0,00;0;0;0,855775;2,09;1,89;0,20;No;0,000000;0,095694;0,00;4
CH;230;7;1,69;1,99;0,00;0,00;0;1;0,680000;1,99;1,69;0,30;Yes;0,000000;0,000000;0,30;0
CH;238;4;1,79;2,09;0,00;0,00;0;0;0,744000;2,09;1,79;0,30;No;0,000000;0,000000;0,30;4
CH;239;4;1,79;2,23;0,00;0,00;0;0;0,795200;2,23;1,79;0,44;No;0,000000;0,000000;0,44;4
CH;251;4;1,99;2,23;0,00;0,00;0;0;0,836160;2,23;1,99;0,24;No;0,000000;0,000000;0,24;4
CH;252;2;1,89;2,09;0,13;0,00;0;0;0,868928;2,09;1,76;0,33;No;0,000000;0,068783;0,20;2
CH;255;4;1,99;2,29;0,00;0,00;0;0;0,895142;2,29;1,99;0,30;No;0,000000;0,000000;0,30;4
CH;263;4;1,99;2,09;0,00;0,00;0;0;0,916114;2,09;1,99;0,10;No;0,000000;0,000000;0,10;4
CH;264;4;1,99;2,09;0,10;0,00;0;0;0,932891;2,09;1,89;0,20;No;0,000000;0,050251;0,10;4
CH;269;4;1,99;2,09;0,10;0,00;0;0;0,946313;2,09;1,89;0,20;No;0,000000;0,050251;0,10;4
CH;273;4;1,99;2,09;0,00;0,40;0;0;0,957050;1,69;1,99;-0,30;No;0,191388;0,000000;0,10;4
CH;275;4;2,09;2,09;0,00;0,40;0;0;0,965640;1,69;2,09;-0,40;No;0,191388;0,000000;0,00;4
CH;276;2;1,99;2,18;0,00;0,00;0;1;0,972512;2,18;1,99;0,19;No;0,000000;0,000000;0,19;2
CH;277;4;2,09;2,09;0,20;0,40;0;0;0,978010;1,69;1,89;-0,20;No;0,191388;0,095694;0,00;4
CH;252;4;1,99;2,23;0,00;0,00;0;0;0,680000;2,23;1,99;0,24;No;0,000000;0,000000;0,24;4
CH;275;4;2,09;2,09;0,00;0,40;0;0;0,744000;1,69;2,09;-0,40;No;0,191388;0,000000;0,00;4
CH;277;3;2,09;2,09;0,20;0,40;0;0;0,795200;1,69;1,89;-0,20;No;0,191388;0,095694;0,00;3
CH;237;4;1,79;2,09;0,00;0,00;0;0;0,500000;2,09;1,79;0,30;No;0,000000;0,000000;0,30;4
CH;269;4;1,99;2,09;0,10;0,00;0;0;0,600000;2,09;1,89;0,20;No;0,000000;0,050251;0,10;4
CH;242;4;1,99;2,23;0,00;0,00;0;0;0,500000;2,23;1,99;0,24;No;0,000000;0,000000;0,24;4
CH;244;7;1,86;2,09;0,00;0,20;0;0;0,600000;1,89;1,86;0,03;Yes;0,095694;0,000000;0,23;0
CH;241;2;1,75;1,99;0,00;0,30;0;1;0,500000;1,69;1,75;-0,06;No;0,150754;0,000000;0,24;2
CH;277;2;1,99;2,18;0,00;0,00;0;0;0,600000;2,18;1,99;0,19;No;0,000000;0,000000;0,19;2
CH;277;7;1,99;2,13;0,50;0,00;0;1;0,400000;2,13;1,49;0,64;Yes;0,000000;0,251256;0,14;0
CH;227;2;1,69;1,69;0,00;0,00;0;0;0,744000;1,69;1,69;0,00;No;0,000000;0,000000;0,00;2
CH;229;2;1,69;1,69;0,00;0,00;0;0;0,795200;1,69;1,69;0,00;No;0,000000;0,000000;0,00;2
CH;234;2;1,69;1,99;0,00;0,00;0;0;0,836160;1,99;1,69;0,30;No;0,000000;0,000000;0,30;2
CH;236;2;1,75;1,99;0,00;0,00;0;0;0,868928;1,99;1,75;0,24;No;0,000000;0,000000;0,24;2
CH;237;2;1,75;1,99;0,00;0,00;0;0;0,895142;1,99;1,75;0,24;No;0,000000;0,000000;0,24;2
CH;240;2;1,75;1,99;0,00;0,30;0;1;0,916114;1,69;1,75;-0,06;No;0,150754;0,000000;0,24;2
MM;241;2;1,75;1,99;0,00;0,30;0;1;0,932891;1,69;1,75;-0,06;No;0,150754;0,000000;0,24;2
CH;243;2;1,86;2,09;0,00;0,00;0;1;0,746313;2,09;1,86;0,23;No;0,000000;0,000000;0,23;2
CH;245;2;1,89;2,09;0,00;0,00;0;0;0,797050;2,09;1,89;0,20;No;0,000000;0,000000;0,20;2
CH;245;1;1,86;2,09;0,17;0,00;0;0;0,837640;2,09;1,69;0,40;No;0,000000;0,091398;0,23;1
CH;248;2;1,89;2,09;0,00;0,00;0;0;0,870112;2,09;1,89;0,20;No;0,000000;0,000000;0,20;2
CH;248;2;1,89;2,09;0,00;0,00;0;0;0,896090;2,09;1,89;0,20;No;0,000000;0,000000;0,20;2
CH;249;2;1,89;2,09;0,00;0,00;0;0;0,916872;2,09;1,89;0,20;No;0,000000;0,000000;0,20;2
CH;249;1;1,86;2,09;0,00;0,00;0;0;0,933497;2,09;1,86;0,23;No;0,000000;0,000000;0,23;1
MM;251;3;1,99;2,23;0,00;0,00;0;0;0,946798;2,23;1,99;0,24;No;0,000000;0,000000;0,24;3
CH;253;2;1,89;2,09;0,13;0,00;0;0;0,757438;2,09;1,76;0,33;No;0,000000;0,068783;0,20;2
CH;254;2;1,89;2,09;0,13;0,00;0;0;0,805951;2,09;1,76;0,33;No;0,000000;0,068783;0,20;2
CH;255;2;1,89;2,18;0,13;0,00;0;0;0,844761;2,18;1,76;0,42;No;0,000000;0,068783;0,29;2
CH;257;3;1,99;2,29;0,00;0,40;0;1;0,875808;1,89;1,99;-0,10;No;0,174672;0,000000;0,30;3
CH;257;2;1,86;2,18;0,00;0,00;0;0;0,900647;2,18;1,86;0,32;No;0,000000;0,000000;0,32;2
CH;258;2;1,86;2,18;0,00;0,00;0;0;0,920517;2,18;1,86;0,32;No;0,000000;0,000000;0,32;2
CH;259;3;1,99;2,29;0,00;0,00;0;0;0,936414;2,29;1,99;0,30;No;0,000000;0,000000;0,30;3
CH;259;2;1,86;2,18;0,00;0,40;0;1;0,949131;1,78;1,86;-0,08;No;0,183486;0,000000;0,32;2
CH;260;2;1,86;2,18;0,00;0,70;0;0;0,959305;1,48;1,86;-0,38;No;0,321101;0,000000;0,32;2
CH;261;1;1,76;1,99;0,00;0,00;0;0;0,967444;1,99;1,76;0,23;No;0,000000;0,000000;0,23;1
CH;261;2;1,86;2,18;0,00;0,00;0;0;0,973955;2,18;1,86;0,32;No;0,000000;0,000000;0,32;2
CH;263;2;1,86;2,18;0,00;0,00;0;1;0,979164;2,18;1,86;0,32;No;0,000000;0,000000;0,32;2
MM;264;2;1,86;2,18;0,00;0,00;0;0;0,983331;2,18;1,86;0,32;No;0,000000;0,000000;0,32;2
CH;265;2;1,86;2,18;0,00;0,00;0;0;0,786665;2,18;1,86;0,32;No;0,000000;0,000000;0,32;2
CH;266;1;1,86;1,99;0,00;0,10;0;0;0,829332;1,89;1,86;0,03;No;0,050251;0,000000;0,13;1
CH;266;2;1,86;2,18;0,00;0,00;0;0;0,863466;2,18;1,86;0,32;No;0,000000;0,000000;0,32;2
CH;267;2;1,86;2,18;0,00;0,40;0;1;0,890772;1,78;1,86;-0,08;No;0,183486;0,000000;0,32;2
CH;270;2;1,86;2,18;0,00;0,00;0;0;0,912618;2,18;1,86;0,32;No;0,000000;0,000000;0,32;2
CH;270;1;1,86;2,18;0,00;0,00;0;0;0,930094;2,18;1,86;0,32;No;0,000000;0,000000;0,32;1
CH;271;2;1,86;2,18;0,00;0,06;0;0;0,944076;2,12;1,86;0,26;No;0,027523;0,000000;0,32;2
CH;272;2;1,86;2,18;0,00;0,06;0;0;0,955260;2,12;1,86;0,26;No;0,027523;0,000000;0,32;2
CH;273;7;1,86;2,13;0,00;0,54;0;0;0,964208;1,59;1,86;-0,27;Yes;0,253521;0,000000;0,27;0
CH;273;1;1,86;2,18;0,00;0,00;0;0;0,971367;2,18;1,86;0,32;No;0,000000;0,000000;0,32;1
CH;274;2;1,96;2,18;0,00;0,80;0;1;0,977093;1,38;1,96;-0,58;No;0,366972;0,000000;0,22;2
CH;275;2;1,96;2,18;0,00;0,80;0;1;0,981675;1,38;1,96;-0,58;No;0,366972;0,000000;0,22;2
CH;276;7;1,99;2,13;0,00;0,54;0;1;0,985340;1,59;1,99;-0,40;Yes;0,253521;0,000000;0,14;0
CH;278;2;1,99;2,18;0,00;0,00;0;0;0,988272;2,18;1,99;0,19;No;0,000000;0,000000;0,19;2
CH;242;3;1,99;2,23;0,00;0,00;0;0;0,600000;2,23;1,99;0,24;No;0,000000;0,000000;0,24;3
CH;237;1;1,75;1,99;0,00;0,00;0;0;0,520000;1,99;1,75;0,24;No;0,000000;0,000000;0,24;1
CH;251;4;1,99;2,23;0,00;0,00;0;0;0,500000;2,23;1,99;0,24;No;0,000000;0,000000;0,24;4
MM;255;4;1,99;2,29;0,00;0,00;0;0;0,600000;2,29;1,99;0,30;No;0,000000;0,000000;0,30;4
MM;261;7;1,86;2,13;0,00;0,24;0;0;0,480000;1,89;1,86;0,03;Yes;0,112676;0,000000;0,27;0
CH;277;4;2,09;2,09;0,20;0,40;0;0;0,384000;1,69;1,89;-0,20;No;0,191388;0,095694;0,00;4
MM;233;7;1,75;1,99;0,00;0,40;1;0;0,500000;1,59;1,75;-0,16;Yes;0,201005;0,000000;0,24;0
MM;236;7;1,75;1,99;0,00;0,40;0;0;0,400000;1,59;1,75;-0,16;Yes;0,201005;0,000000;0,24;0
MM;243;7;1,86;2,09;0,00;0,20;0;0;0,320000;1,89;1,86;0,03;Yes;0,095694;0,000000;0,23;0
MM;244;7;1,86;2,09;0,00;0,20;0;0;0,256000;1,89;1,86;0,03;Yes;0,095694;0,000000;0,23;0
MM;245;7;1,86;2,09;0,00;0,20;0;0;0,204800;1,89;1,86;0,03;Yes;0,095694;0,000000;0,23;0
MM;252;7;1,86;2,09;0,10;0,00;0;0;0,163840;2,09;1,76;0,33;Yes;0,000000;0,053763;0,23;0
MM;277;7;1,99;2,13;0,50;0,00;0;1;0,131072;2,13;1,49;0,64;Yes;0,000000;0,251256;0,14;0
CH;228;4;1,79;1,79;0,00;0,00;0;0;0,836160;1,79;1,79;0,00;No;0,000000;0,000000;0,00;4
CH;230;3;1,79;1,79;0,00;0,00;0;0;0,868928;1,79;1,79;0,00;No;0,000000;0,000000;0,00;3
CH;231;3;1,79;1,79;0,00;0,00;0;0;0,895142;1,79;1,79;0,00;No;0,000000;0,000000;0,00;3
CH;233;1;1,69;1,99;0,00;0,00;0;0;0,916114;1,99;1,69;0,30;No;0,000000;0,000000;0,30;1
CH;263;4;1,99;2,09;0,00;0,00;0;0;0,932891;2,09;1,99;0,10;No;0,000000;0,000000;0,10;4
CH;264;4;1,99;2,09;0,10;0,00;0;0;0,946313;2,09;1,89;0,20;No;0,000000;0,050251;0,10;4
CH;265;4;1,99;2,09;0,10;0,00;0;0;0,957050;2,09;1,89;0,20;No;0,000000;0,050251;0,10;4
CH;266;4;1,99;2,09;0,10;0,00;0;0;0,965640;2,09;1,89;0,20;No;0,000000;0,050251;0,10;4
CH;267;4;1,99;2,09;0,10;0,00;0;0;0,972512;2,09;1,89;0,20;No;0,000000;0,050251;0,10;4
CH;269;4;1,99;2,09;0,10;0,00;0;0;0,978010;2,09;1,89;0,20;No;0,000000;0,050251;0,10;4
CH;270;1;1,86;2,18;0,00;0,00;0;0;0,982408;2,18;1,86;0,32;No;0,000000;0,000000;0,32;1
CH;271;4;1,99;2,09;0,10;0,40;1;0;0,985926;1,69;1,89;-0,20;No;0,191388;0,050251;0,10;4
CH;272;4;1,99;2,09;0,00;0,40;0;0;0,988741;1,69;1,99;-0,30;No;0,191388;0,000000;0,10;4
CH;274;4;1,99;2,09;0,00;0,40;0;0;0,990993;1,69;1,99;-0,30;No;0,191388;0,000000;0,10;4
CH;276;4;2,09;2,09;0,20;0,40;0;0;0,992794;1,69;1,89;-0,20;No;0,191388;0,095694;0,00;4
CH;277;4;2,09;2,09;0,20;0,40;0;0;0,994235;1,69;1,89;-0,20;No;0,191388;0,095694;0,00;4
CH;278;3;2,09;2,09;0,20;0,00;0;0;0,995388;2,09;1,89;0,20;No;0,000000;0,095694;0,00;3
CH;269;2;1,86;2,18;0,00;0,00;0;0;0,600000;2,18;1,86;0,32;No;0,000000;0,000000;0,32;2
CH;229;7;1,69;1,69;0,00;0,20;0;1;0,957050;1,49;1,69;-0,20;Yes;0,118343;0,000000;0,00;0
CH;230;7;1,69;1,99;0,00;0,00;0;1;0,965640;1,99;1,69;0,30;Yes;0,000000;0,000000;0,30;0
CH;231;4;1,79;1,79;0,00;0,00;0;0;0,972512;1,79;1,79;0,00;No;0,000000;0,000000;0,00;4
CH;233;4;1,79;2,09;0,00;0,00;0;0;0,978010;2,09;1,79;0,30;No;0,000000;0,000000;0,30;4
CH;239;7;1,79;2,09;0,00;0,00;0;0;0,982408;2,09;1,79;0,30;Yes;0,000000;0,000000;0,30;0
CH;240;4;1,79;2,23;0,00;0,00;0;0;0,985926;2,23;1,79;0,44;No;0,000000;0,000000;0,44;4
CH;242;7;1,86;2,09;0,00;0,00;0;0;0,988741;2,09;1,86;0,23;Yes;0,000000;0,000000;0,23;0
CH;243;4;1,99;2,23;0,00;0,00;0;0;0,990993;2,23;1,99;0,24;No;0,000000;0,000000;0,24;4
CH;244;7;1,86;2,09;0,00;0,20;0;0;0,992794;1,89;1,86;0,03;Yes;0,095694;0,000000;0,23;0
CH;246;4;1,99;2,23;0,00;0,00;0;0;0,994235;2,23;1,99;0,24;No;0,000000;0,000000;0,24;4
CH;249;4;1,99;2,23;0,00;0,00;0;0;0,995388;2,23;1,99;0,24;No;0,000000;0,000000;0,24;4
CH;250;7;1,86;2,09;0,00;0,00;0;0;0,996311;2,09;1,86;0,23;Yes;0,000000;0,000000;0,23;0
CH;251;4;1,99;2,23;0,00;0,00;0;0;0,997049;2,23;1,99;0,24;No;0,000000;0,000000;0,24;4
CH;254;4;1,99;2,29;0,00;0,00;1;0;0,997639;2,29;1,99;0,30;No;0,000000;0,000000;0,30;4
CH;255;4;1,99;2,29;0,00;0,00;0;0;0,998111;2,29;1,99;0,30;No;0,000000;0,000000;0,30;4
CH;257;4;1,99;2,29;0,00;0,40;0;1;0,998489;1,89;1,99;-0,10;No;0,174672;0,000000;0,30;4
CH;260;4;1,99;2,09;0,00;0,00;0;0;0,998791;2,09;1,99;0,10;No;0,000000;0,000000;0,10;4
CH;261;4;1,99;2,09;0,00;0,00;0;0;0,999033;2,09;1,99;0,10;No;0,000000;0,000000;0,10;4
CH;262;4;1,99;2,09;0,00;0,00;0;0;0,999226;2,09;1,99;0,10;No;0,000000;0,000000;0,10;4
CH;264;4;1,99;2,09;0,10;0,00;0;0;0,999381;2,09;1,89;0,20;No;0,000000;0,050251;0,10;4
CH;265;4;1,99;2,09;0,10;0,00;0;0;0,999505;2,09;1,89;0,20;No;0,000000;0,050251;0,10;4
CH;266;7;1,86;2,13;0,37;0,00;1;0;0,999604;2,13;1,49;0,64;Yes;0,000000;0,198925;0,27;0
CH;267;7;1,86;2,13;0,00;0,00;1;0;0,999683;2,13;1,86;0,27;Yes;0,000000;0,000000;0,27;0
CH;269;7;1,86;2,13;0,27;0,00;1;0;0,999746;2,13;1,59;0,54;Yes;0,000000;0,145161;0,27;0
CH;271;4;1,99;2,09;0,10;0,40;1;0;0,999797;1,69;1,89;-0,20;No;0,191388;0,050251;0,10;4
CH;272;4;1,99;2,09;0,00;0,40;0;0;0,999838;1,69;1,99;-0,30;No;0,191388;0,000000;0,10;4
CH;274;4;1,99;2,09;0,00;0,40;0;0;0,999870;1,69;1,99;-0,30;No;0,191388;0,000000;0,10;4
CH;275;7;1,99;2,13;0,00;0,54;1;0;0,999896;1,59;1,99;-0,40;Yes;0,253521;0,000000;0,14;0
CH;276;4;2,09;2,09;0,20;0,40;0;0;0,999917;1,69;1,89;-0,20;No;0,191388;0,095694;0,00;4
CH;277;7;1,99;2,13;0,50;0,00;0;1;0,999934;2,13;1,49;0,64;Yes;0,000000;0,251256;0,14;0
CH;278;4;2,09;2,09;0,20;0,00;0;0;0,999947;2,09;1,89;0,20;No;0,000000;0,095694;0,00;4
MM;229;7;1,69;1,69;0,00;0,20;0;1;0,680000;1,49;1,69;-0,20;Yes;0,118343;0,000000;0,00;0
CH;230;7;1,69;1,99;0,00;0,00;0;1;0,544000;1,99;1,69;0,30;Yes;0,000000;0,000000;0,30;0
CH;231;7;1,69;1,99;0,00;0,00;0;0;0,635200;1,99;1,69;0,30;Yes;0,000000;0,000000;0,30;0
CH;233;7;1,75;1,99;0,00;0,40;1;0;0,708160;1,59;1,75;-0,16;Yes;0,201005;0,000000;0,24;0
CH;237;7;1,75;1,99;0,00;0,40;0;0;0,766528;1,59;1,75;-0,16;Yes;0,201005;0,000000;0,24;0
CH;241;7;1,86;2,09;0,00;0,00;0;0;0,813222;2,09;1,86;0,23;Yes;0,000000;0,000000;0,23;0
CH;242;7;1,86;2,09;0,00;0,00;0;0;0,850578;2,09;1,86;0,23;Yes;0,000000;0,000000;0,23;0
CH;253;7;1,86;2,09;0,10;0,00;0;0;0,880462;2,09;1,76;0,33;Yes;0,000000;0,053763;0,23;0
CH;256;7;1,86;2,18;0,00;0,00;0;0;0,904370;2,18;1,86;0,32;Yes;0,000000;0,000000;0,32;0
CH;258;7;1,86;2,18;0,00;0,00;0;0;0,923496;2,18;1,86;0,32;Yes;0,000000;0,000000;0,32;0
CH;259;7;1,86;2,18;0,00;0,00;0;0;0,938797;2,18;1,86;0,32;Yes;0,000000;0,000000;0,32;0
CH;260;7;1,86;2,13;0,00;0,24;0;0;0,951037;1,89;1,86;0,03;Yes;0,112676;0,000000;0,27;0
CH;263;7;1,86;2,13;0,27;0,00;0;0;0,960830;2,13;1,59;0,54;Yes;0,000000;0,145161;0,27;0
CH;264;7;1,86;2,13;0,37;0,00;1;0;0,968664;2,13;1,49;0,64;Yes;0,000000;0,198925;0,27;0
CH;265;7;1,86;2,13;0,37;0,00;1;0;0,974931;2,13;1,49;0,64;Yes;0,000000;0,198925;0,27;0
CH;265;7;1,86;2,13;0,37;0,00;1;0;0,979945;2,13;1,49;0,64;Yes;0,000000;0,198925;0,27;0
CH;267;7;1,86;2,13;0,00;0,00;1;0;0,983956;2,13;1,86;0,27;Yes;0,000000;0,000000;0,27;0
CH;270;7;1,86;2,13;0,27;0,00;1;0;0,987165;2,13;1,59;0,54;Yes;0,000000;0,145161;0,27;0
CH;272;7;1,86;2,13;0,00;0,00;0;0;0,989732;2,13;1,86;0,27;Yes;0,000000;0,000000;0,27;0
CH;274;2;1,96;2,18;0,00;0,80;0;1;0,991785;1,38;1,96;-0,58;No;0,366972;0,000000;0,22;2
MM;228;1;1,69;1,69;0,00;0,00;0;0;0,320000;1,69;1,69;0,00;No;0,000000;0,000000;0,00;1
CH;234;1;1,69;1,99;0,00;0,00;0;0;0,256000;1,99;1,69;0,30;No;0,000000;0,000000;0,30;1
MM;243;1;1,86;1,99;0,00;0,80;0;1;0,404800;1,19;1,86;-0,67;No;0,402010;0,000000;0,13;1
CH;251;1;1,76;2,09;0,00;0,00;0;0;0,323840;2,09;1,76;0,33;No;0,000000;0,000000;0,33;1
MM;253;1;1,76;2,09;0,00;0,00;0;0;0,459072;2,09;1,76;0,33;No;0,000000;0,000000;0,33;1
MM;242;3;1,99;2,23;0,00;0,00;0;0;0,500000;2,23;1,99;0,24;No;0,000000;0,000000;0,24;3
MM;244;3;1,99;2,23;0,00;0,00;0;0;0,400000;2,23;1,99;0,24;No;0,000000;0,000000;0,24;3
MM;247;3;1,99;2,23;0,00;0,00;0;0;0,320000;2,23;1,99;0,24;No;0,000000;0,000000;0,24;3
CH;274;7;1,86;2,13;0,47;0,54;1;0;0,520000;1,59;1,39;0,20;Yes;0,253521;0,252688;0,27;0
MM;276;7;1,99;2,13;0,00;0,54;0;1;0,616000;1,59;1,99;-0,40;Yes;0,253521;0,000000;0,14;0
CH;228;7;1,69;1,69;0,00;0,00;0;0;0,535142;1,69;1,69;0,00;Yes;0,000000;0,000000;0,00;0
CH;233;7;1,75;1,99;0,00;0,40;1;0;0,628114;1,59;1,75;-0,16;Yes;0,201005;0,000000;0,24;0
MM;234;7;1,75;1,99;0,00;0,40;1;0;0,702491;1,59;1,75;-0,16;Yes;0,201005;0,000000;0,24;0
CH;235;7;1,75;1,99;0,00;0,40;0;0;0,561993;1,59;1,75;-0,16;Yes;0,201005;0,000000;0,24;0
CH;236;3;1,79;2,09;0,00;0,00;0;0;0,649594;2,09;1,79;0,30;No;0,000000;0,000000;0,30;3
CH;238;3;1,79;2,09;0,00;0,00;0;0;0,719675;2,09;1,79;0,30;No;0,000000;0,000000;0,30;3
CH;240;7;1,86;2,09;0,00;0,00;0;0;0,775740;2,09;1,86;0,23;Yes;0,000000;0,000000;0,23;0
CH;250;7;1,86;2,09;0,00;0,00;0;0;0,820592;2,09;1,86;0,23;Yes;0,000000;0,000000;0,23;0
CH;254;7;1,86;2,18;0,00;0,00;0;0;0,856474;2,18;1,86;0,32;Yes;0,000000;0,000000;0,32;0
CH;257;7;1,86;2,18;0,00;0,00;0;0;0,885179;2,18;1,86;0,32;Yes;0,000000;0,000000;0,32;0
CH;258;7;1,86;2,18;0,00;0,00;0;0;0,908143;2,18;1,86;0,32;Yes;0,000000;0,000000;0,32;0
CH;259;7;1,86;2,18;0,00;0,00;0;0;0,926515;2,18;1,86;0,32;Yes;0,000000;0,000000;0,32;0
CH;260;7;1,86;2,13;0,00;0,24;0;0;0,941212;1,89;1,86;0,03;Yes;0,112676;0,000000;0,27;0
CH;261;7;1,86;2,13;0,00;0,24;0;0;0,952969;1,89;1,86;0,03;Yes;0,112676;0,000000;0,27;0
CH;262;7;1,86;2,13;0,00;0,00;0;0;0,962375;2,13;1,86;0,27;Yes;0,000000;0,000000;0,27;0
CH;264;7;1,86;2,13;0,37;0,00;1;0;0,969900;2,13;1,49;0,64;Yes;0,000000;0,198925;0,27;0
CH;266;7;1,86;2,13;0,37;0,00;1;0;0,975920;2,13;1,49;0,64;Yes;0,000000;0,198925;0,27;0
CH;268;7;1,86;2,13;0,00;0,00;0;0;0,980736;2,13;1,86;0,27;Yes;0,000000;0,000000;0,27;0
CH;268;7;1,86;2,13;0,00;0,00;0;0;0,984589;2,13;1,86;0,27;Yes;0,000000;0,000000;0,27;0
CH;269;7;1,86;2,13;0,27;0,00;1;0;0,987671;2,13;1,59;0,54;Yes;0,000000;0,145161;0,27;0
CH;270;7;1,86;2,13;0,27;0,00;1;0;0,990137;2,13;1,59;0,54;Yes;0,000000;0,145161;0,27;0
CH;271;7;1,86;2,13;0,00;0,00;0;0;0,992110;2,13;1,86;0,27;Yes;0,000000;0,000000;0,27;0
CH;272;7;1,86;2,13;0,00;0,00;0;0;0,993688;2,13;1,86;0,27;Yes;0,000000;0,000000;0,27;0
MM;275;7;1,99;2,13;0,00;0,54;1;0;0,994950;1,59;1,99;-0,40;Yes;0,253521;0,000000;0,14;0
CH;229;7;1,69;1,69;0,00;0,20;0;1;0,163840;1,49;1,69;-0,20;Yes;0,118343;0,000000;0,00;0
CH;232;7;1,69;1,99;0,00;0,40;1;1;0,331072;1,59;1,69;-0,10;Yes;0,201005;0,000000;0,30;0
CH;257;2;1,86;2,18;0,00;0,00;0;0;0,500000;2,18;1,86;0,32;No;0,000000;0,000000;0,32;2
MM;264;3;1,99;2,09;0,10;0,00;0;0;0,600000;2,09;1,89;0,20;No;0,000000;0,050251;0,10;3
MM;265;2;1,86;2,18;0,00;0,00;0;0;0,480000;2,18;1,86;0,32;No;0,000000;0,000000;0,32;2
MM;267;2;1,86;2,18;0,00;0,40;0;1;0,384000;1,78;1,86;-0,08;No;0,183486;0,000000;0,32;2
CH;270;2;1,86;2,18;0,00;0,00;0;0;0,307200;2,18;1,86;0,32;No;0,000000;0,000000;0,32;2
CH;272;2;1,86;2,18;0,00;0,06;0;0;0,445760;2,12;1,86;0,26;No;0,027523;0,000000;0,32;2
CH;273;2;1,86;2,18;0,00;0,06;0;0;0,556608;2,12;1,86;0,26;No;0,027523;0,000000;0,32;2
CH;276;2;1,99;2,18;0,00;0,00;0;1;0,645286;2,18;1,99;0,19;No;0,000000;0,000000;0,19;2
CH;278;2;1,99;2,18;0,00;0,00;0;0;0,716229;2,18;1,99;0,19;No;0,000000;0,000000;0,19;2
MM;259;2;1,86;2,18;0,00;0,40;0;1;0,667200;1,78;1,86;-0,08;No;0,183486;0,000000;0,32;2
MM;229;3;1,79;1,79;0,00;0,00;0;0;0,564800;1,79;1,79;0,00;No;0,000000;0,000000;0,00;3
MM;235;3;1,79;2,09;0,00;0,00;0;0;0,451840;2,09;1,79;0,30;No;0,000000;0,000000;0,30;3
MM;261;2;1,86;2,18;0,00;0,00;0;0;0,533760;2,18;1,86;0,32;No;0,000000;0,000000;0,32;2
MM;273;2;1,86;2,18;0,00;0,06;0;0;0,427008;2,12;1,86;0,26;No;0,027523;0,000000;0,32;2
MM;276;3;2,09;2,09;0,20;0,40;0;0;0,341606;1,69;1,89;-0,20;No;0,191388;0,095694;0,00;3
MM;278;3;2,09;2,09;0,20;0,00;0;0;0,273285;2,09;1,89;0,20;No;0,000000;0,095694;0,00;3
MM;229;3;1,79;1,79;0,00;0,00;0;0;0,027488;1,79;1,79;0,00;No;0,000000;0,000000;0,00;3
MM;234;3;1,79;2,09;0,00;0,00;0;0;0,021990;2,09;1,79;0,30;No;0,000000;0,000000;0,30;3
MM;239;3;1,79;2,23;0,00;0,00;0;0;0,017592;2,23;1,79;0,44;No;0,000000;0,000000;0,44;3
MM;240;3;1,79;2,23;0,00;0,00;0;0;0,014074;2,23;1,79;0,44;No;0,000000;0,000000;0,44;3
MM;240;3;1,79;2,23;0,00;0,00;0;0;0,011259;2,23;1,79;0,44;No;0,000000;0,000000;0,44;3
MM;241;3;1,79;2,23;0,00;0,00;0;0;0,009007;2,23;1,79;0,44;No;0,000000;0,000000;0,44;3
MM;242;3;1,99;2,23;0,00;0,00;0;0;0,007206;2,23;1,99;0,24;No;0,000000;0,000000;0,24;3
MM;243;3;1,99;2,23;0,00;0,00;0;0;0,005765;2,23;1,99;0,24;No;0,000000;0,000000;0,24;3
MM;244;3;1,99;2,23;0,00;0,00;0;0;0,004612;2,23;1,99;0,24;No;0,000000;0,000000;0,24;3
MM;247;3;1,99;2,23;0,00;0,00;0;0;0,003689;2,23;1,99;0,24;No;0,000000;0,000000;0,24;3
MM;248;3;1,99;2,23;0,00;0,00;0;0;0,002951;2,23;1,99;0,24;No;0,000000;0,000000;0,24;3
MM;250;3;1,99;2,23;0,00;0,00;0;0;0,002361;2,23;1,99;0,24;No;0,000000;0,000000;0,24;3
MM;253;3;1,99;2,23;0,00;0,00;0;0;0,001889;2,23;1,99;0,24;No;0,000000;0,000000;0,24;3
MM;259;3;1,99;2,29;0,00;0,00;0;0;0,001511;2,29;1,99;0,30;No;0,000000;0,000000;0,30;3
MM;261;3;1,99;2,09;0,00;0,00;0;0;0,001209;2,09;1,99;0,10;No;0,000000;0,000000;0,10;3
MM;263;3;1,99;2,09;0,00;0,00;0;0;0,000967;2,09;1,99;0,10;No;0,000000;0,000000;0,10;3
MM;264;3;1,99;2,09;0,10;0,00;0;0;0,000774;2,09;1,89;0,20;No;0,000000;0,050251;0,10;3
MM;266;3;1,99;2,09;0,10;0,00;0;0;0,000619;2,09;1,89;0,20;No;0,000000;0,050251;0,10;3
MM;267;3;1,99;2,09;0,10;0,00;0;0;0,000495;2,09;1,89;0,20;No;0,000000;0,050251;0,10;3
MM;270;2;1,86;2,18;0,00;0,00;0;0;0,000396;2,18;1,86;0,32;No;0,000000;0,000000;0,32;2
MM;273;2;1,86;2,18;0,00;0,06;0;0;0,000317;2,12;1,86;0,26;No;0,027523;0,000000;0,32;2
MM;275;2;1,96;2,18;0,00;0,80;0;1;0,000254;1,38;1,96;-0,58;No;0,366972;0,000000;0,22;2
MM;276;3;2,09;2,09;0,20;0,40;0;0;0,000203;1,69;1,89;-0,20;No;0,191388;0,095694;0,00;3
CH;228;2;1,69;1,69;0,00;0,00;0;0;0,480000;1,69;1,69;0,00;No;0,000000;0,000000;0,00;2
MM;229;2;1,69;1,69;0,00;0,00;0;0;0,584000;1,69;1,69;0,00;No;0,000000;0,000000;0,00;2
MM;231;2;1,69;1,69;0,30;0,00;1;0;0,467200;1,69;1,39;0,30;No;0,000000;0,177515;0,00;2
MM;233;2;1,69;1,69;0,00;0,00;0;0;0,373760;1,69;1,69;0,00;No;0,000000;0,000000;0,00;2
CH;234;3;1,79;2,09;0,00;0,00;0;0;0,299008;2,09;1,79;0,30;No;0,000000;0,000000;0,30;3
MM;240;2;1,75;1,99;0,00;0,30;0;1;0,439206;1,69;1,75;-0,06;No;0,150754;0,000000;0,24;2
MM;242;2;1,75;1,99;0,16;0,30;0;1;0,351365;1,69;1,59;0,10;No;0,150754;0,091429;0,24;2
CH;245;2;1,89;2,09;0,00;0,00;0;0;0,281092;2,09;1,89;0,20;No;0,000000;0,000000;0,20;2
MM;253;3;1,99;2,23;0,00;0,00;0;0;0,424874;2,23;1,99;0,24;No;0,000000;0,000000;0,24;3
MM;256;2;1,89;2,18;0,13;0,00;0;0;0,339899;2,18;1,76;0,42;No;0,000000;0,068783;0,29;2
MM;262;2;1,86;2,18;0,00;0,60;0;1;0,271919;1,58;1,86;-0,28;No;0,275229;0,000000;0,32;2
MM;263;2;1,86;2,18;0,00;0,00;0;1;0,217535;2,18;1,86;0,32;No;0,000000;0,000000;0,32;2
CH;269;3;1,99;2,09;0,10;0,00;0;0;0,174028;2,09;1,89;0,20;No;0,000000;0,050251;0,10;3
CH;270;2;1,86;2,18;0,00;0,00;0;0;0,339223;2,18;1,86;0,32;No;0,000000;0,000000;0,32;2
CH;272;2;1,86;2,18;0,00;0,06;0;0;0,471378;2,12;1,86;0,26;No;0,027523;0,000000;0,32;2
CH;273;2;1,86;2,18;0,00;0,06;0;0;0,577102;2,12;1,86;0,26;No;0,027523;0,000000;0,32;2
CH;275;2;1,96;2,18;0,00;0,80;0;1;0,661682;1,38;1,96;-0,58;No;0,366972;0,000000;0,22;2
CH;276;2;1,99;2,18;0,00;0,00;0;1;0,729346;2,18;1,99;0,19;No;0,000000;0,000000;0,19;2
CH;276;2;1,99;2,18;0,00;0,00;0;1;0,783476;2,18;1,99;0,19;No;0,000000;0,000000;0,19;2
CH;278;2;1,99;2,18;0,00;0,00;0;0;0,826781;2,18;1,99;0,19;No;0,000000;0,000000;0,19;2
MM;238;3;1,79;2,09;0,00;0,00;0;0;0,795200;2,09;1,79;0,30;No;0,000000;0,000000;0,30;3
CH;241;3;1,79;2,23;0,00;0,00;0;0;0,636160;2,23;1,79;0,44;No;0,000000;0,000000;0,44;3
CH;246;3;1,99;2,23;0,00;0,00;0;0;0,708928;2,23;1,99;0,24;No;0,000000;0,000000;0,24;3
CH;251;3;1,99;2,23;0,00;0,00;0;0;0,500000;2,23;1,99;0,24;No;0,000000;0,000000;0,24;3
CH;257;3;1,99;2,29;0,00;0,40;0;1;0,600000;1,89;1,99;-0,10;No;0,174672;0,000000;0,30;3
CH;264;3;1,99;2,09;0,10;0,00;0;0;0,680000;2,09;1,89;0,20;No;0,000000;0,050251;0,10;3
MM;271;3;1,99;2,09;0,10;0,40;1;0;0,500000;1,69;1,89;-0,20;No;0,191388;0,050251;0,10;3
CH;271;3;1,99;2,09;0,10;0,40;1;0;0,400000;1,69;1,89;-0,20;No;0,191388;0,050251;0,10;3
MM;230;1;1,69;1,69;0,00;0,20;0;0;0,400000;1,49;1,69;-0,20;No;0,118343;0,000000;0,00;1
CH;231;1;1,69;1,69;0,30;0,20;1;0;0,320000;1,49;1,39;0,10;No;0,118343;0,177515;0,00;1
CH;251;1;1,76;2,09;0,00;0,00;0;0;0,456000;2,09;1,76;0,33;No;0,000000;0,000000;0,33;1
CH;266;1;1,86;1,99;0,00;0,10;0;0;0,564800;1,89;1,86;0,03;No;0,050251;0,000000;0,13;1
MM;267;4;1,99;2,09;0,10;0,00;0;0;0,651840;2,09;1,89;0,20;No;0,000000;0,050251;0,10;4
CH;268;7;1,86;2,13;0,00;0,00;0;0;0,400000;2,13;1,86;0,27;Yes;0,000000;0,000000;0,27;0
MM;262;1;1,76;1,99;0,00;0,40;0;1;0,500000;1,59;1,76;-0,17;No;0,201005;0,000000;0,23;1
MM;266;1;1,86;1,99;0,00;0,10;0;0;0,400000;1,89;1,86;0,03;No;0,050251;0,000000;0,13;1
MM;229;7;1,69;1,69;0,00;0,20;0;1;0,149422;1,49;1,69;-0,20;Yes;0,118343;0,000000;0,00;0
MM;236;7;1,75;1,99;0,00;0,40;0;0;0,119538;1,59;1,75;-0,16;Yes;0,201005;0,000000;0,24;0
MM;237;7;1,75;1,99;0,00;0,40;0;0;0,095630;1,59;1,75;-0,16;Yes;0,201005;0,000000;0,24;0
MM;238;7;1,75;1,99;0,00;0,40;0;0;0,076504;1,59;1,75;-0,16;Yes;0,201005;0,000000;0,24;0
MM;242;7;1,86;2,09;0,00;0,00;0;0;0,061203;2,09;1,86;0,23;Yes;0,000000;0,000000;0,23;0
MM;254;7;1,86;2,18;0,00;0,00;0;0;0,048963;2,18;1,86;0,32;Yes;0,000000;0,000000;0,32;0
MM;255;7;1,86;2,18;0,00;0,00;0;0;0,039170;2,18;1,86;0,32;Yes;0,000000;0,000000;0,32;0
CH;233;7;1,75;1,99;0,00;0,40;1;0;0,744000;1,59;1,75;-0,16;Yes;0,201005;0,000000;0,24;0
CH;251;7;1,86;2,09;0,10;0,00;0;0;0,795200;2,09;1,76;0,33;Yes;0,000000;0,053763;0,23;0
CH;253;7;1,86;2,09;0,10;0,00;0;0;0,836160;2,09;1,76;0,33;Yes;0,000000;0,053763;0,23;0
CH;254;1;1,76;2,09;0,00;0,00;0;0;0,868928;2,09;1,76;0,33;No;0,000000;0,000000;0,33;1
CH;260;7;1,86;2,13;0,00;0,24;0;0;0,895142;1,89;1,86;0,03;Yes;0,112676;0,000000;0,27;0
CH;261;7;1,86;2,13;0,00;0,24;0;0;0,916114;1,89;1,86;0,03;Yes;0,112676;0,000000;0,27;0
CH;263;7;1,86;2,13;0,27;0,00;0;0;0,932891;2,13;1,59;0,54;Yes;0,000000;0,145161;0,27;0
CH;264;7;1,86;2,13;0,37;0,00;1;0;0,946313;2,13;1,49;0,64;Yes;0,000000;0,198925;0,27;0
CH;267;7;1,86;2,13;0,00;0,00;1;0;0,957050;2,13;1,86;0,27;Yes;0,000000;0,000000;0,27;0
CH;268;7;1,86;2,13;0,00;0,00;0;0;0,965640;2,13;1,86;0,27;Yes;0,000000;0,000000;0,27;0
CH;269;7;1,86;2,13;0,27;0,00;1;0;0,972512;2,13;1,59;0,54;Yes;0,000000;0,145161;0,27;0
CH;277;7;1,99;2,13;0,50;0,00;0;1;0,978010;2,13;1,49;0,64;Yes;0,000000;0,251256;0,14;0
CH;278;7;2,06;2,13;0,00;0,00;0;0;0,982408;2,13;2,06;0,07;Yes;0,000000;0,000000;0,07;0
CH;230;4;1,79;1,79;0,00;0,00;0;0;0,520000;1,79;1,79;0,00;No;0,000000;0,000000;0,00;4
MM;273;4;1,99;2,09;0,00;0,40;0;0;0,616000;1,69;1,99;-0,30;No;0,191388;0,000000;0,10;4
MM;227;4;1,79;1,79;0,00;0,00;0;1;0,500000;1,79;1,79;0,00;No;0,000000;0,000000;0,00;4
MM;229;4;1,79;1,79;0,00;0,00;0;0;0,400000;1,79;1,79;0,00;No;0,000000;0,000000;0,00;4
MM;230;4;1,79;1,79;0,00;0,00;0;0;0,320000;1,79;1,79;0,00;No;0,000000;0,000000;0,00;4
MM;252;4;1,99;2,23;0,00;0,00;0;0;0,500000;2,23;1,99;0,24;No;0,000000;0,000000;0,24;4
CH;265;4;1,99;2,09;0,10;0,00;0;0;0,400000;2,09;1,89;0,20;No;0,000000;0,050251;0,10;4
CH;262;4;1,99;2,09;0,00;0,00;0;0;0,600000;2,09;1,99;0,10;No;0,000000;0,000000;0,10;4
MM;275;7;1,99;2,13;0,00;0,54;1;0;0,600000;1,59;1,99;-0,40;Yes;0,253521;0,000000;0,14;0
MM;259;7;1,86;2,18;0,00;0,00;0;0;0,400000;2,18;1,86;0,32;Yes;0,000000;0,000000;0,32;0
MM;261;7;1,86;2,13;0,00;0,24;0;0;0,320000;1,89;1,86;0,03;Yes;0,112676;0,000000;0,27;0
MM;240;4;1,79;2,23;0,00;0,00;0;0;0,500000;2,23;1,79;0,44;No;0,000000;0,000000;0,44;4
MM;244;1;1,86;2,09;0,00;0,00;0;0;0,400000;2,09;1,86;0,23;No;0,000000;0,000000;0,23;1
MM;233;7;1,75;1,99;0,00;0,40;1;0;0,400000;1,59;1,75;-0,16;Yes;0,201005;0,000000;0,24;0
MM;256;3;1,99;2,29;0,00;0,00;0;0;0,320000;2,29;1,99;0,30;No;0,000000;0,000000;0,30;3
MM;258;2;1,86;2,18;0,00;0,00;0;0;0,256000;2,18;1,86;0,32;No;0,000000;0,000000;0,32;2
CH;264;7;1,86;2,13;0,37;0,00;1;0;0,204800;2,13;1,49;0,64;Yes;0,000000;0,198925;0,27;0
CH;266;2;1,86;2,18;0,00;0,00;0;0;0,363840;2,18;1,86;0,32;No;0,000000;0,000000;0,32;2
MM;267;1;1,86;1,99;0,00;0,20;0;1;0,491072;1,79;1,86;-0,07;No;0,100503;0,000000;0,13;1
MM;274;2;1,96;2,18;0,00;0,80;0;1;0,392858;1,38;1,96;-0,58;No;0,366972;0,000000;0,22;2
CH;274;7;1,86;2,13;0,47;0,54;1;0;0,314286;1,59;1,39;0,20;Yes;0,253521;0,252688;0,27;0
MM;228;1;1,69;1,69;0,00;0,00;0;0;0,500000;1,69;1,69;0,00;No;0,000000;0,000000;0,00;1
MM;237;2;1,75;1,99;0,00;0,00;0;0;0,400000;1,99;1,75;0,24;No;0,000000;0,000000;0,24;2
CH;258;1;1,76;2,18;0,00;0,00;0;0;0,320000;2,18;1,76;0,42;No;0,000000;0,000000;0,42;1
MM;228;2;1,69;1,69;0,00;0,00;0;0;0,256000;1,69;1,69;0,00;No;0,000000;0,000000;0,00;2
MM;229;2;1,69;1,69;0,00;0,00;0;0;0,204800;1,69;1,69;0,00;No;0,000000;0,000000;0,00;2
MM;236;2;1,75;1,99;0,00;0,00;0;0;0,163840;1,99;1,75;0,24;No;0,000000;0,000000;0,24;2
MM;242;2;1,75;1,99;0,16;0,30;0;1;0,131072;1,69;1,59;0,10;No;0,150754;0,091429;0,24;2
CH;254;2;1,89;2,09;0,13;0,00;0;0;0,104858;2,09;1,76;0,33;No;0,000000;0,068783;0,20;2
CH;257;2;1,86;2,18;0,00;0,00;0;0;0,283886;2,18;1,86;0,32;No;0,000000;0,000000;0,32;2
MM;260;2;1,86;2,18;0,00;0,70;0;0;0,427109;1,48;1,86;-0,38;No;0,321101;0,000000;0,32;2
CH;227;7;1,69;1,69;0,00;0,00;0;1;0,072993;1,69;1,69;0,00;Yes;0,000000;0,000000;0,00;0
MM;227;2;1,69;1,69;0,00;0,00;0;0;0,258395;1,69;1,69;0,00;No;0,000000;0,000000;0,00;2
MM;228;2;1,69;1,69;0,00;0,00;0;0;0,206716;1,69;1,69;0,00;No;0,000000;0,000000;0,00;2
MM;229;2;1,69;1,69;0,00;0,00;0;0;0,165373;1,69;1,69;0,00;No;0,000000;0,000000;0,00;2
MM;230;7;1,69;1,99;0,00;0,00;0;1;0,132298;1,99;1,69;0,30;Yes;0,000000;0,000000;0,30;0
MM;233;2;1,69;1,69;0,00;0,00;0;0;0,105838;1,69;1,69;0,00;No;0,000000;0,000000;0,00;2
CH;235;7;1,75;1,99;0,00;0,40;0;0;0,084671;1,59;1,75;-0,16;Yes;0,201005;0,000000;0,24;0
MM;236;2;1,75;1,99;0,00;0,00;0;0;0,267737;1,99;1,75;0,24;No;0,000000;0,000000;0,24;2
MM;237;2;1,75;1,99;0,00;0,00;0;0;0,214189;1,99;1,75;0,24;No;0,000000;0,000000;0,24;2
MM;237;2;1,75;1,99;0,00;0,00;0;0;0,171351;1,99;1,75;0,24;No;0,000000;0,000000;0,24;2
CH;239;7;1,79;2,09;0,00;0,00;0;0;0,137081;2,09;1,79;0,30;Yes;0,000000;0,000000;0,30;0
MM;240;7;1,86;2,09;0,00;0,00;0;0;0,309665;2,09;1,86;0,23;Yes;0,000000;0,000000;0,23;0
MM;242;2;1,75;1,99;0,16;0,30;0;1;0,247732;1,69;1,59;0,10;No;0,150754;0,091429;0,24;2
CH;257;7;1,86;2,18;0,00;0,00;0;0;0,198186;2,18;1,86;0,32;Yes;0,000000;0,000000;0,32;0
MM;258;7;1,86;2,18;0,00;0,00;0;0;0,358548;2,18;1,86;0,32;Yes;0,000000;0,000000;0,32;0
CH;264;7;1,86;2,13;0,37;0,00;1;0;0,286839;2,13;1,49;0,64;Yes;0,000000;0,198925;0,27;0
MM;271;7;1,86;2,13;0,00;0,00;0;0;0,429471;2,13;1,86;0,27;Yes;0,000000;0,000000;0,27;0
MM;272;3;1,99;2,09;0,00;0,40;0;0;0,343577;1,69;1,99;-0,30;No;0,191388;0,000000;0,10;3
MM;272;2;1,86;2,18;0,00;0,06;0;0;0,274861;2,12;1,86;0,26;No;0,027523;0,000000;0,32;2
MM;274;7;1,86;2,13;0,47;0,54;1;0;0,219889;1,59;1,39;0,20;Yes;0,253521;0,252688;0,27;0
MM;274;2;1,96;2,18;0,00;0,80;0;1;0,175911;1,38;1,96;-0,58;No;0,366972;0,000000;0,22;2
MM;275;7;1,99;2,13;0,00;0,54;1;0;0,140729;1,59;1,99;-0,40;Yes;0,253521;0,000000;0,14;0
MM;276;7;1,99;2,13;0,00;0,54;0;1;0,112583;1,59;1,99;-0,40;Yes;0,253521;0,000000;0,14;0
MM;227;1;1,69;1,69;0,00;0,00;0;0;0,433472;1,69;1,69;0,00;No;0,000000;0,000000;0,00;1
MM;236;1;1,75;1,99;0,00;0,00;0;0;0,346778;1,99;1,75;0,24;No;0,000000;0,000000;0,24;1
CH;243;1;1,86;1,99;0,00;0,80;0;1;0,277422;1,19;1,86;-0,67;No;0,402010;0,000000;0,13;1
MM;255;7;1,86;2,18;0,00;0,00;0;0;0,421938;2,18;1,86;0,32;Yes;0,000000;0,000000;0,32;0
MM;261;7;1,86;2,13;0,00;0,24;0;0;0,337550;1,89;1,86;0,03;Yes;0,112676;0,000000;0,27;0
MM;230;3;1,79;1,79;0,00;0,00;0;0;0,283886;1,79;1,79;0,00;No;0,000000;0,000000;0,00;3
MM;234;7;1,75;1,99;0,00;0,40;1;0;0,227109;1,59;1,75;-0,16;Yes;0,201005;0,000000;0,24;0
MM;235;3;1,79;2,09;0,00;0,00;0;0;0,181687;2,09;1,79;0,30;No;0,000000;0,000000;0,30;3
MM;238;3;1,79;2,09;0,00;0,00;0;0;0,145350;2,09;1,79;0,30;No;0,000000;0,000000;0,30;3
MM;241;3;1,79;2,23;0,00;0,00;0;0;0,116280;2,23;1,79;0,44;No;0,000000;0,000000;0,44;3
MM;244;7;1,86;2,09;0,00;0,20;0;0;0,093024;1,89;1,86;0,03;Yes;0,095694;0,000000;0,23;0
MM;257;3;1,99;2,29;0,00;0,40;0;1;0,074419;1,89;1,99;-0,10;No;0,174672;0,000000;0,30;3
MM;258;2;1,86;2,18;0,00;0,00;0;0;0,059535;2,18;1,86;0,32;No;0,000000;0,000000;0,32;2
MM;259;3;1,99;2,29;0,00;0,00;0;0;0,047628;2,29;1,99;0,30;No;0,000000;0,000000;0,30;3
MM;260;3;1,99;2,09;0,00;0,00;0;0;0,038103;2,09;1,99;0,10;No;0,000000;0,000000;0,10;3
MM;261;3;1,99;2,09;0,00;0,00;0;0;0,030482;2,09;1,99;0,10;No;0,000000;0,000000;0,10;3
CH;232;2;1,69;1,69;0,00;0,00;1;0;0,435200;1,69;1,69;0,00;No;0,000000;0,000000;0,00;2
CH;235;2;1,69;1,99;0,00;0,00;0;0;0,548160;1,99;1,69;0,30;No;0,000000;0,000000;0,30;2
CH;242;3;1,99;2,23;0,00;0,00;0;0;0,416000;2,23;1,99;0,24;No;0,000000;0,000000;0,24;3
CH;277;3;2,09;2,09;0,20;0,40;0;0;0,532800;1,69;1,89;-0,20;No;0,191388;0,095694;0,00;3
CH;262;4;1,99;2,09;0,00;0,00;0;0;0,104858;2,09;1,99;0,10;No;0,000000;0,000000;0,10;4
CH;264;7;1,86;2,13;0,37;0,00;1;0;0,283886;2,13;1,49;0,64;Yes;0,000000;0,198925;0,27;0
MM;265;7;1,86;2,13;0,37;0,00;1;0;0,427109;2,13;1,49;0,64;Yes;0,000000;0,198925;0,27;0
MM;267;4;1,99;2,09;0,10;0,00;0;0;0,341687;2,09;1,89;0,20;No;0,000000;0,050251;0,10;4
MM;270;4;1,99;2,09;0,10;0,00;0;0;0,273350;2,09;1,89;0,20;No;0,000000;0,050251;0,10;4
MM;272;7;1,86;2,13;0,00;0,00;0;0;0,218680;2,13;1,86;0,27;Yes;0,000000;0,000000;0,27;0
CH;234;7;1,75;1,99;0,00;0,40;1;0;0,500000;1,59;1,75;-0,16;Yes;0,201005;0,000000;0,24;0
MM;243;1;1,86;1,99;0,00;0,80;0;1;0,600000;1,19;1,86;-0,67;No;0,402010;0,000000;0,13;1
MM;257;4;1,99;2,29;0,00;0,40;0;1;0,480000;1,89;1,99;-0,10;No;0,174672;0,000000;0,30;4
MM;261;1;1,76;1,99;0,00;0,00;0;0;0,384000;1,99;1,76;0,23;No;0,000000;0,000000;0,23;1
CH;265;1;1,76;1,99;0,00;0,10;0;0;0,307200;1,89;1,76;0,13;No;0,050251;0,000000;0,23;1
MM;275;1;1,96;2,13;0,00;0,74;0;1;0,445760;1,39;1,96;-0,57;No;0,347418;0,000000;0,17;1
MM;243;1;1,86;1,99;0,00;0,80;0;1;0,600000;1,19;1,86;-0,67;No;0,402010;0,000000;0,13;1
CH;251;1;1,76;2,09;0,00;0,00;0;0;0,480000;2,09;1,76;0,33;No;0,000000;0,000000;0,33;1
CH;256;1;1,76;2,18;0,00;0,00;0;0;0,584000;2,18;1,76;0,42;No;0,000000;0,000000;0,42;1
CH;257;1;1,76;2,18;0,00;0,00;0;0;0,667200;2,18;1,76;0,42;No;0,000000;0,000000;0,42;1
CH;258;1;1,76;2,18;0,00;0,00;0;0;0,733760;2,18;1,76;0,42;No;0,000000;0,000000;0,42;1
CH;261;1;1,76;1,99;0,00;0,00;0;0;0,787008;1,99;1,76;0,23;No;0,000000;0,000000;0,23;1
CH;266;1;1,86;1,99;0,00;0,10;0;0;0,829606;1,89;1,86;0,03;No;0,050251;0,000000;0,13;1
MM;275;1;1,96;2,13;0,00;0,74;0;1;0,863685;1,39;1,96;-0,57;No;0,347418;0,000000;0,17;1
CH;233;7;1,75;1,99;0,00;0,40;1;0;0,524608;1,59;1,75;-0,16;Yes;0,201005;0,000000;0,24;0
CH;256;7;1,86;2,18;0,00;0,00;0;0;0,619686;2,18;1,86;0,32;Yes;0,000000;0,000000;0,32;0
MM;260;3;1,99;2,09;0,00;0,00;0;0;0,695749;2,09;1,99;0,10;No;0,000000;0,000000;0,10;3
MM;262;2;1,86;2,18;0,00;0,60;0;1;0,556599;1,58;1,86;-0,28;No;0,275229;0,000000;0,32;2
MM;263;2;1,86;2,18;0,00;0,00;0;1;0,445279;2,18;1,86;0,32;No;0,000000;0,000000;0,32;2
CH;264;7;1,86;2,13;0,37;0,00;1;0;0,356224;2,13;1,49;0,64;Yes;0,000000;0,198925;0,27;0
CH;267;2;1,86;2,18;0,00;0,40;0;1;0,484979;1,78;1,86;-0,08;No;0,183486;0,000000;0,32;2
CH;268;2;1,86;2,18;0,00;0,00;0;1;0,587983;2,18;1,86;0,32;No;0,000000;0,000000;0,32;2
MM;271;3;1,99;2,09;0,10;0,40;1;0;0,670386;1,69;1,89;-0,20;No;0,191388;0,050251;0,10;3
CH;272;2;1,86;2,18;0,00;0,06;0;0;0,536309;2,12;1,86;0,26;No;0,027523;0,000000;0,32;2
CH;274;7;1,86;2,13;0,47;0,54;1;0;0,629047;1,59;1,39;0,20;Yes;0,253521;0,252688;0,27;0
MM;275;7;1,99;2,13;0,00;0,54;1;0;0,703238;1,59;1,99;-0,40;Yes;0,253521;0,000000;0,14;0
MM;275;2;1,96;2,18;0,00;0,80;0;1;0,562590;1,38;1,96;-0,58;No;0,366972;0,000000;0,22;2
MM;277;3;2,09;2,09;0,20;0,40;0;0;0,450072;1,69;1,89;-0,20;No;0,191388;0,095694;0,00;3
MM;246;2;1,89;2,09;0,00;0,00;0;0;0,480000;2,09;1,89;0,20;No;0,000000;0,000000;0,20;2
CH;227;4;1,79;1,79;0,00;0,00;0;1;0,480000;1,79;1,79;0,00;No;0,000000;0,000000;0,00;4
CH;228;7;1,69;1,69;0,00;0,00;0;0;0,584000;1,69;1,69;0,00;Yes;0,000000;0,000000;0,00;0
CH;255;7;1,86;2,18;0,00;0,00;0;0;0,667200;2,18;1,86;0,32;Yes;0,000000;0,000000;0,32;0
CH;265;7;1,86;2,13;0,37;0,00;1;0;0,733760;2,13;1,49;0,64;Yes;0,000000;0,198925;0,27;0
CH;267;7;1,86;2,13;0,00;0,00;1;0;0,787008;2,13;1,86;0,27;Yes;0,000000;0,000000;0,27;0
CH;269;7;1,86;2,13;0,27;0,00;1;0;0,829606;2,13;1,59;0,54;Yes;0,000000;0,145161;0,27;0
CH;271;7;1,86;2,13;0,00;0,00;0;0;0,863685;2,13;1,86;0,27;Yes;0,000000;0,000000;0,27;0
CH;272;7;1,86;2,13;0,00;0,00;0;0;0,890948;2,13;1,86;0,27;Yes;0,000000;0,000000;0,27;0
CH;274;7;1,86;2,13;0,47;0,54;1;0;0,912758;1,59;1,39;0,20;Yes;0,253521;0,252688;0,27;0
CH;274;7;1,86;2,13;0,47;0,54;1;0;0,500000;1,59;1,39;0,20;Yes;0,253521;0,252688;0,27;0
MM;275;2;1,96;2,18;0,00;0,80;0;1;0,600000;1,38;1,96;-0,58;No;0,366972;0,000000;0,22;2
MM;276;7;1,99;2,13;0,00;0,54;0;1;0,480000;1,59;1,99;-0,40;Yes;0,253521;0,000000;0,14;0
CH;277;7;1,99;2,13;0,50;0,00;0;1;0,384000;2,13;1,49;0,64;Yes;0,000000;0,251256;0,14;0
MM;246;7;1,86;2,09;0,00;0,00;0;0;0,256000;2,09;1,86;0,23;Yes;0,000000;0,000000;0,23;0
CH;253;7;1,86;2,09;0,10;0,00;0;0;0,400000;2,09;1,76;0,33;Yes;0,000000;0,053763;0,23;0
CH;266;7;1,86;2,13;0,37;0,00;1;0;0,520000;2,13;1,49;0,64;Yes;0,000000;0,198925;0,27;0
CH;266;7;1,86;2,13;0,37;0,00;1;0;0,616000;2,13;1,49;0,64;Yes;0,000000;0,198925;0,27;0
CH;267;7;1,86;2,13;0,00;0,00;1;0;0,692800;2,13;1,86;0,27;Yes;0,000000;0,000000;0,27;0
CH;269;7;1,86;2,13;0,27;0,00;1;0;0,754240;2,13;1,59;0,54;Yes;0,000000;0,145161;0,27;0
CH;274;7;1,86;2,13;0,47;0,54;1;0;0,803392;1,59;1,39;0,20;Yes;0,253521;0,252688;0,27;0
CH;253;2;1,89;2,09;0,13;0,00;0;0;0,600000;2,09;1,76;0,33;No;0,000000;0,068783;0,20;2
CH;255;2;1,89;2,18;0,13;0,00;0;0;0,680000;2,18;1,76;0,42;No;0,000000;0,068783;0,29;2
CH;264;2;1,86;2,18;0,00;0,00;0;0;0,584000;2,18;1,86;0,32;No;0,000000;0,000000;0,32;2
CH;235;3;1,79;2,09;0,00;0,00;0;0;0,500000;2,09;1,79;0,30;No;0,000000;0,000000;0,30;3
CH;236;3;1,79;2,09;0,00;0,00;0;0;0,600000;2,09;1,79;0,30;No;0,000000;0,000000;0,30;3
CH;237;2;1,75;1,99;0,00;0,00;0;0;0,680000;1,99;1,75;0,24;No;0,000000;0,000000;0,24;2
CH;238;2;1,75;1,99;0,00;0,00;0;0;0,744000;1,99;1,75;0,24;No;0,000000;0,000000;0,24;2
CH;239;3;1,79;2,23;0,00;0,00;0;0;0,795200;2,23;1,79;0,44;No;0,000000;0,000000;0,44;3
CH;240;2;1,75;1,99;0,00;0,30;0;1;0,836160;1,69;1,75;-0,06;No;0,150754;0,000000;0,24;2
CH;241;3;1,79;2,23;0,00;0,00;0;0;0,868928;2,23;1,79;0,44;No;0,000000;0,000000;0,44;3
CH;242;2;1,75;1,99;0,16;0,30;0;1;0,895142;1,69;1,59;0,10;No;0,150754;0,091429;0,24;2
CH;245;3;1,99;2,23;0,00;0,00;0;0;0,916114;2,23;1,99;0,24;No;0,000000;0,000000;0,24;3
CH;246;3;1,99;2,23;0,00;0,00;0;0;0,500000;2,23;1,99;0,24;No;0,000000;0,000000;0,24;3
MM;267;3;1,99;2,09;0,10;0,00;0;0;0,600000;2,09;1,89;0,20;No;0,000000;0,050251;0,10;3
MM;232;2;1,69;1,69;0,00;0,00;1;0;0,500000;1,69;1,69;0,00;No;0,000000;0,000000;0,00;2
MM;262;2;1,86;2,18;0,00;0,60;0;1;0,400000;1,58;1,86;-0,28;No;0,275229;0,000000;0,32;2
MM;267;2;1,86;2,18;0,00;0,40;0;1;0,320000;1,78;1,86;-0,08;No;0,183486;0,000000;0,32;2
MM;274;2;1,96;2,18;0,00;0,80;0;1;0,256000;1,38;1,96;-0,58;No;0,366972;0,000000;0,22;2
MM;276;7;1,99;2,13;0,00;0,54;0;1;0,204800;1,59;1,99;-0,40;Yes;0,253521;0,000000;0,14;0
CH;229;3;1,79;1,79;0,00;0,00;0;0;0,400000;1,79;1,79;0,00;No;0,000000;0,000000;0,00;3
CH;232;3;1,79;2,09;0,00;0,00;0;0;0,520000;2,09;1,79;0,30;No;0,000000;0,000000;0,30;3
CH;235;3;1,79;2,09;0,00;0,00;0;0;0,616000;2,09;1,79;0,30;No;0,000000;0,000000;0,30;3
CH;240;3;1,79;2,23;0,00;0,00;0;0;0,692800;2,23;1,79;0,44;No;0,000000;0,000000;0,44;3
CH;244;3;1,99;2,23;0,00;0,00;0;0;0,754240;2,23;1,99;0,24;No;0,000000;0,000000;0,24;3
CH;248;3;1,99;2,23;0,00;0,00;0;0;0,803392;2,23;1,99;0,24;No;0,000000;0,000000;0,24;3
CH;249;3;1,99;2,23;0,00;0,00;0;0;0,842714;2,23;1,99;0,24;No;0,000000;0,000000;0,24;3
CH;252;3;1,99;2,23;0,00;0,00;0;0;0,874171;2,23;1,99;0,24;No;0,000000;0,000000;0,24;3
CH;255;3;1,99;2,29;0,00;0,00;0;0;0,899337;2,29;1,99;0,30;No;0,000000;0,000000;0,30;3
CH;258;3;1,99;2,29;0,00;0,00;0;0;0,919469;2,29;1,99;0,30;No;0,000000;0,000000;0,30;3
CH;260;3;1,99;2,09;0,00;0,00;0;0;0,935575;2,09;1,99;0,10;No;0,000000;0,000000;0,10;3
CH;263;3;1,99;2,09;0,00;0,00;0;0;0,948460;2,09;1,99;0,10;No;0,000000;0,000000;0,10;3
CH;266;3;1,99;2,09;0,10;0,00;0;0;0,958768;2,09;1,89;0,20;No;0,000000;0,050251;0,10;3
CH;269;3;1,99;2,09;0,10;0,00;0;0;0,967015;2,09;1,89;0,20;No;0,000000;0,050251;0,10;3
CH;271;3;1,99;2,09;0,10;0,40;1;0;0,973612;1,69;1,89;-0,20;No;0,191388;0,050251;0,10;3
CH;274;3;1,99;2,09;0,00;0,40;0;0;0,978889;1,69;1,99;-0,30;No;0,191388;0,000000;0,10;3
CH;276;3;2,09;2,09;0,20;0,40;0;0;0,983112;1,69;1,89;-0,20;No;0,191388;0,095694;0,00;3
CH;278;3;2,09;2,09;0,20;0,00;0;0;0,986489;2,09;1,89;0,20;No;0,000000;0,095694;0,00;3
CH;231;2;1,69;1,69;0,30;0,00;1;0;0,500000;1,69;1,39;0,30;No;0,000000;0,177515;0,00;2
CH;257;2;1,86;2,18;0,00;0,00;0;0;0,600000;2,18;1,86;0,32;No;0,000000;0,000000;0,32;2
CH;259;2;1,86;2,18;0,00;0,40;0;1;0,680000;1,78;1,86;-0,08;No;0,183486;0,000000;0,32;2
MM;275;2;1,96;2,18;0,00;0,80;0;1;0,744000;1,38;1,96;-0,58;No;0,366972;0,000000;0,22;2
MM;241;1;1,86;1,99;0,00;0,30;0;1;0,500000;1,69;1,86;-0,17;No;0,150754;0,000000;0,13;1
MM;277;7;1,99;2,13;0,50;0,00;0;1;0,400000;2,13;1,49;0,64;Yes;0,000000;0,251256;0,14;0
MM;262;1;1,76;1,99;0,00;0,40;0;1;0,500000;1,59;1,76;-0,17;No;0,201005;0,000000;0,23;1
MM;263;1;1,76;1,99;0,00;0,40;0;1;0,400000;1,59;1,76;-0,17;No;0,201005;0,000000;0,23;1
CH;242;3;1,99;2,23;0,00;0,00;0;0;0,600000;2,23;1,99;0,24;No;0,000000;0,000000;0,24;3
CH;247;2;1,89;2,09;0,00;0,00;0;0;0,680000;2,09;1,89;0,20;No;0,000000;0,000000;0,20;2
CH;250;2;1,89;2,09;0,00;0,00;0;0;0,744000;2,09;1,89;0,20;No;0,000000;0,000000;0,20;2
CH;236;7;1,75;1,99;0,00;0,40;0;0;0,600000;1,59;1,75;-0,16;Yes;0,201005;0,000000;0,24;0
MM;236;2;1,75;1,99;0,00;0,00;0;0;0,680000;1,99;1,75;0,24;No;0,000000;0,000000;0,24;2
CH;237;7;1,75;1,99;0,00;0,40;0;0;0,544000;1,59;1,75;-0,16;Yes;0,201005;0,000000;0,24;0
CH;238;4;1,79;2,09;0,00;0,00;0;0;0,635200;2,09;1,79;0,30;No;0,000000;0,000000;0,30;4
CH;239;2;1,75;1,99;0,00;0,30;0;1;0,708160;1,69;1,75;-0,06;No;0,150754;0,000000;0,24;2
CH;254;7;1,86;2,18;0,00;0,00;0;0;0,766528;2,18;1,86;0,32;Yes;0,000000;0,000000;0,32;0
CH;263;7;1,86;2,13;0,27;0,00;0;0;0,813222;2,13;1,59;0,54;Yes;0,000000;0,145161;0,27;0
CH;264;7;1,86;2,13;0,37;0,00;1;0;0,850578;2,13;1,49;0,64;Yes;0,000000;0,198925;0,27;0
CH;266;4;1,99;2,09;0,10;0,00;0;0;0,880462;2,09;1,89;0,20;No;0,000000;0,050251;0,10;4
CH;259;7;1,86;2,18;0,00;0,00;0;0;0,320000;2,18;1,86;0,32;Yes;0,000000;0,000000;0,32;0
MM;274;7;1,86;2,13;0,47;0,54;1;0;0,500000;1,59;1,39;0,20;Yes;0,253521;0,252688;0,27;0
CH;274;7;1,86;2,13;0,47;0,54;1;0;0,400000;1,59;1,39;0,20;Yes;0,253521;0,252688;0,27;0
CH;259;7;1,86;2,18;0,00;0,00;0;0;0,500000;2,18;1,86;0,32;Yes;0,000000;0,000000;0,32;0
CH;274;7;1,86;2,13;0,47;0,54;1;0;0,600000;1,59;1,39;0,20;Yes;0,253521;0,252688;0,27;0
MM;228;3;1,79;1,79;0,00;0,00;0;0;0,266240;1,79;1,79;0,00;No;0,000000;0,000000;0,00;3
MM;231;2;1,69;1,69;0,30;0,00;1;0;0,212992;1,69;1,39;0,30;No;0,000000;0,177515;0,00;2
MM;232;2;1,69;1,69;0,00;0,00;1;0;0,170394;1,69;1,69;0,00;No;0,000000;0,000000;0,00;2
MM;234;2;1,69;1,99;0,00;0,00;0;0;0,136315;1,99;1,69;0,30;No;0,000000;0,000000;0,30;2
MM;235;2;1,69;1,99;0,00;0,00;0;0;0,109052;1,99;1,69;0,30;No;0,000000;0,000000;0,30;2
MM;236;2;1,75;1,99;0,00;0,00;0;0;0,087242;1,99;1,75;0,24;No;0,000000;0,000000;0,24;2
MM;236;7;1,75;1,99;0,00;0,40;0;0;0,069793;1,59;1,75;-0,16;Yes;0,201005;0,000000;0,24;0
MM;238;2;1,75;1,99;0,00;0,00;0;0;0,055835;1,99;1,75;0,24;No;0,000000;0,000000;0,24;2
MM;239;2;1,75;1,99;0,00;0,30;0;1;0,044668;1,69;1,75;-0,06;No;0,150754;0,000000;0,24;2
CH;241;1;1,86;1,99;0,00;0,30;0;1;0,035734;1,69;1,86;-0,17;No;0,150754;0,000000;0,13;1
MM;245;2;1,89;2,09;0,00;0,00;0;0;0,228587;2,09;1,89;0,20;No;0,000000;0,000000;0,20;2
CH;251;2;1,89;2,09;0,13;0,00;0;0;0,182870;2,09;1,76;0,33;No;0,000000;0,068783;0,20;2
CH;258;7;1,86;2,18;0,00;0,00;0;0;0,346296;2,18;1,86;0,32;Yes;0,000000;0,000000;0,32;0
MM;275;1;1,96;2,13;0,00;0,74;0;1;0,477037;1,39;1,96;-0,57;No;0,347418;0,000000;0,17;1
MM;276;1;1,99;2,13;0,00;0,00;0;1;0,381629;2,13;1,99;0,14;No;0,000000;0,000000;0,14;1
CH;233;7;1,75;1,99;0,00;0,40;1;0;0,500000;1,59;1,75;-0,16;Yes;0,201005;0,000000;0,24;0
CH;270;7;1,86;2,13;0,27;0,00;1;0;0,600000;2,13;1,59;0,54;Yes;0,000000;0,145161;0,27;0
MM;245;2;1,89;2,09;0,00;0,00;0;0;0,500000;2,09;1,89;0,20;No;0,000000;0,000000;0,20;2
CH;278;7;2,06;2,13;0,00;0,00;0;0;0,400000;2,13;2,06;0,07;Yes;0,000000;0,000000;0,07;0
CH;230;4;1,79;1,79;0,00;0,00;0;0;0,667200;1,79;1,79;0,00;No;0,000000;0,000000;0,00;4
CH;253;1;1,76;2,09;0,00;0,00;0;0;0,500000;2,09;1,76;0,33;No;0,000000;0,000000;0,33;1
CH;266;7;1,86;2,13;0,37;0,00;1;0;0,600000;2,13;1,49;0,64;Yes;0,000000;0,198925;0,27;0
MM;227;4;1,79;1,79;0,00;0,00;0;1;0,400000;1,79;1,79;0,00;No;0,000000;0,000000;0,00;4
MM;233;7;1,75;1,99;0,00;0,40;1;0;0,400000;1,59;1,75;-0,16;Yes;0,201005;0,000000;0,24;0
CH;277;7;1,99;2,13;0,50;0,00;0;1;0,320000;2,13;1,49;0,64;Yes;0,000000;0,251256;0,14;0
MM;247;1;1,86;2,09;0,00;0,00;0;0;0,500000;2,09;1,86;0,23;No;0,000000;0,000000;0,23;1
MM;253;1;1,76;2,09;0,00;0,00;0;0;0,400000;2,09;1,76;0,33;No;0,000000;0,000000;0,33;1
MM;236;3;1,79;2,09;0,00;0,00;0;0;0,077677;2,09;1,79;0,30;No;0,000000;0,000000;0,30;3
CH;237;3;1,79;2,09;0,00;0,00;0;0;0,062142;2,09;1,79;0,30;No;0,000000;0,000000;0,30;3
MM;240;3;1,79;2,23;0,00;0,00;0;0;0,249713;2,23;1,79;0,44;No;0,000000;0,000000;0,44;3
CH;255;3;1,99;2,29;0,00;0,00;0;0;0,199771;2,29;1,99;0,30;No;0,000000;0,000000;0,30;3
MM;256;3;1,99;2,29;0,00;0,00;0;0;0,359817;2,29;1,99;0,30;No;0,000000;0,000000;0,30;3
CH;270;3;1,99;2,09;0,10;0,00;0;0;0,287853;2,09;1,89;0,20;No;0,000000;0,050251;0,10;3
CH;230;7;1,69;1,99;0,00;0,00;0;1;0,600000;1,99;1,69;0,30;Yes;0,000000;0,000000;0,30;0
CH;250;7;1,86;2,09;0,00;0,00;0;0;0,500000;2,09;1,86;0,23;Yes;0,000000;0,000000;0,23;0
CH;272;7;1,86;2,13;0,00;0,00;0;0;0,600000;2,13;1,86;0,27;Yes;0,000000;0,000000;0,27;0
CH;254;7;1,86;2,18;0,00;0,00;0;0;0,500000;2,18;1,86;0,32;Yes;0,000000;0,000000;0,32;0
CH;255;7;1,86;2,18;0,00;0,00;0;0;0,600000;2,18;1,86;0,32;Yes;0,000000;0,000000;0,32;0
CH;258;7;1,86;2,18;0,00;0,00;0;0;0,680000;2,18;1,86;0,32;Yes;0,000000;0,000000;0,32;0
CH;260;7;1,86;2,13;0,00;0,24;0;0;0,744000;1,89;1,86;0,03;Yes;0,112676;0,000000;0,27;0
CH;263;7;1,86;2,13;0,27;0,00;0;0;0,795200;2,13;1,59;0,54;Yes;0,000000;0,145161;0,27;0
CH;264;7;1,86;2,13;0,37;0,00;1;0;0,836160;2,13;1,49;0,64;Yes;0,000000;0,198925;0,27;0
CH;265;7;1,86;2,13;0,37;0,00;1;0;0,868928;2,13;1,49;0,64;Yes;0,000000;0,198925;0,27;0
CH;272;7;1,86;2,13;0,00;0,00;0;0;0,895142;2,13;1,86;0,27;Yes;0,000000;0,000000;0,27;0
CH;231;1;1,69;1,69;0,30;0,20;1;0;0,500000;1,49;1,39;0,10;No;0,118343;0,177515;0,00;1
MM;234;7;1,75;1,99;0,00;0,40;1;0;0,600000;1,59;1,75;-0,16;Yes;0,201005;0,000000;0,24;0
CH;251;7;1,86;2,09;0,10;0,00;0;0;0,480000;2,09;1,76;0,33;Yes;0,000000;0,053763;0,23;0
CH;253;7;1,86;2,09;0,10;0,00;0;0;0,584000;2,09;1,76;0,33;Yes;0,000000;0,053763;0,23;0
CH;254;7;1,86;2,18;0,00;0,00;0;0;0,667200;2,18;1,86;0,32;Yes;0,000000;0,000000;0,32;0
CH;254;7;1,86;2,18;0,00;0,00;0;0;0,733760;2,18;1,86;0,32;Yes;0,000000;0,000000;0,32;0
CH;255;7;1,86;2,18;0,00;0,00;0;0;0,787008;2,18;1,86;0,32;Yes;0,000000;0,000000;0,32;0
CH;256;7;1,86;2,18;0,00;0,00;0;0;0,829606;2,18;1,86;0,32;Yes;0,000000;0,000000;0,32;0
CH;257;7;1,86;2,18;0,00;0,00;0;0;0,863685;2,18;1,86;0,32;Yes;0,000000;0,000000;0,32;0
CH;258;7;1,86;2,18;0,00;0,00;0;0;0,890948;2,18;1,86;0,32;Yes;0,000000;0,000000;0,32;0
CH;259;7;1,86;2,18;0,00;0,00;0;0;0,912758;2,18;1,86;0,32;Yes;0,000000;0,000000;0,32;0
CH;259;7;1,86;2,18;0,00;0,00;0;0;0,930207;2,18;1,86;0,32;Yes;0,000000;0,000000;0,32;0
CH;260;7;1,86;2,13;0,00;0,24;0;0;0,944165;1,89;1,86;0,03;Yes;0,112676;0,000000;0,27;0
CH;260;7;1,86;2,13;0,00;0,24;0;0;0,955332;1,89;1,86;0,03;Yes;0,112676;0,000000;0,27;0
CH;261;7;1,86;2,13;0,00;0,24;0;0;0,964266;1,89;1,86;0,03;Yes;0,112676;0,000000;0,27;0
CH;262;7;1,86;2,13;0,00;0,00;0;0;0,971413;2,13;1,86;0,27;Yes;0,000000;0,000000;0,27;0
CH;262;7;1,86;2,13;0,00;0,00;0;0;0,977130;2,13;1,86;0,27;Yes;0,000000;0,000000;0,27;0
CH;264;7;1,86;2,13;0,37;0,00;1;0;0,981704;2,13;1,49;0,64;Yes;0,000000;0,198925;0,27;0
CH;265;7;1,86;2,13;0,37;0,00;1;0;0,985363;2,13;1,49;0,64;Yes;0,000000;0,198925;0,27;0
CH;266;1;1,86;1,99;0,00;0,10;0;0;0,988291;1,89;1,86;0,03;No;0,050251;0,000000;0,13;1
CH;267;7;1,86;2,13;0,00;0,00;1;0;0,990633;2,13;1,86;0,27;Yes;0,000000;0,000000;0,27;0
CH;269;7;1,86;2,13;0,27;0,00;1;0;0,992506;2,13;1,59;0,54;Yes;0,000000;0,145161;0,27;0
CH;277;7;1,99;2,13;0,50;0,00;0;1;0,994005;2,13;1,49;0,64;Yes;0,000000;0,251256;0,14;0
MM;251;7;1,86;2,09;0,10;0,00;0;0;0,600000;2,09;1,76;0,33;Yes;0,000000;0,053763;0,23;0
CH;233;7;1,75;1,99;0,00;0,40;1;0;0,204800;1,59;1,75;-0,16;Yes;0,201005;0,000000;0,24;0
CH;259;7;1,86;2,18;0,00;0,00;0;0;0,363840;2,18;1,86;0,32;Yes;0,000000;0,000000;0,32;0
CH;259;7;1,86;2,18;0,00;0,00;0;0;0,491072;2,18;1,86;0,32;Yes;0,000000;0,000000;0,32;0
CH;260;7;1,86;2,13;0,00;0,24;0;0;0,592858;1,89;1,86;0,03;Yes;0,112676;0,000000;0,27;0
CH;262;7;1,86;2,13;0,00;0,00;0;0;0,674286;2,13;1,86;0,27;Yes;0,000000;0,000000;0,27;0
CH;262;7;1,86;2,13;0,00;0,00;0;0;0,739429;2,13;1,86;0,27;Yes;0,000000;0,000000;0,27;0
CH;264;1;1,76;1,99;0,00;0,40;0;0;0,791543;1,59;1,76;-0,17;No;0,201005;0,000000;0,23;1
CH;265;1;1,76;1,99;0,00;0,10;0;0;0,833234;1,89;1,76;0,13;No;0,050251;0,000000;0,23;1
CH;267;7;1,86;2,13;0,00;0,00;1;0;0,866588;2,13;1,86;0,27;Yes;0,000000;0,000000;0,27;0
CH;269;7;1,86;2,13;0,27;0,00;1;0;0,893270;2,13;1,59;0,54;Yes;0,000000;0,145161;0,27;0
CH;270;1;1,86;2,18;0,00;0,00;0;0;0,914616;2,18;1,86;0,32;No;0,000000;0,000000;0,32;1
CH;271;1;1,86;2,18;0,00;0,00;0;0;0,931693;2,18;1,86;0,32;No;0,000000;0,000000;0,32;1
CH;272;1;1,86;2,18;0,00;0,00;0;0;0,945354;2,18;1,86;0,32;No;0,000000;0,000000;0,32;1
CH;272;1;1,86;2,18;0,00;0,00;0;0;0,956283;2,18;1,86;0,32;No;0,000000;0,000000;0,32;1
CH;273;7;1,86;2,13;0,00;0,54;0;0;0,965027;1,59;1,86;-0,27;Yes;0,253521;0,000000;0,27;0
CH;274;7;1,86;2,13;0,47;0,54;1;0;0,972021;1,59;1,39;0,20;Yes;0,253521;0,252688;0,27;0
MM;242;2;1,75;1,99;0,16;0,30;0;1;0,400000;1,69;1,59;0,10;No;0,150754;0,091429;0,24;2
CH;256;2;1,89;2,18;0,13;0,00;0;0;0,320000;2,18;1,76;0,42;No;0,000000;0,068783;0,29;2
MM;260;2;1,86;2,18;0,00;0,70;0;0;0,456000;1,48;1,86;-0,38;No;0,321101;0,000000;0,32;2
CH;246;3;1,99;2,23;0,00;0,00;0;0;0,500000;2,23;1,99;0,24;No;0,000000;0,000000;0,24;3
CH;274;7;1,86;2,13;0,47;0,54;1;0;0,600000;1,59;1,39;0,20;Yes;0,253521;0,252688;0,27;0
MM;242;1;1,86;1,99;0,00;0,30;0;1;0,307200;1,69;1,86;-0,17;No;0,150754;0,000000;0,13;1
CH;239;3;1,79;2,23;0,00;0,00;0;0;0,813222;2,23;1,79;0,44;No;0,000000;0,000000;0,44;3
CH;241;3;1,79;2,23;0,00;0,00;0;0;0,850578;2,23;1,79;0,44;No;0,000000;0,000000;0,44;3
CH;244;3;1,99;2,23;0,00;0,00;0;0;0,880462;2,23;1,99;0,24;No;0,000000;0,000000;0,24;3
CH;268;3;1,99;2,09;0,10;0,00;0;0;0,904370;2,09;1,89;0,20;No;0,000000;0,050251;0,10;3
CH;237;3;1,79;2,09;0,00;0,00;0;0;0,540992;2,09;1,79;0,30;No;0,000000;0,000000;0,30;3
MM;248;3;1,99;2,23;0,00;0,00;0;0;0,500000;2,23;1,99;0,24;No;0,000000;0,000000;0,24;3
MM;262;2;1,86;2,18;0,00;0,60;0;1;0,400000;1,58;1,86;-0,28;No;0,275229;0,000000;0,32;2
CH;233;3;1,79;2,09;0,00;0,00;0;0;0,507200;2,09;1,79;0,30;No;0,000000;0,000000;0,30;3
MM;236;2;1,75;1,99;0,00;0,00;0;0;0,605760;1,99;1,75;0,24;No;0,000000;0,000000;0,24;2
CH;237;2;1,75;1,99;0,00;0,00;0;0;0,484608;1,99;1,75;0,24;No;0,000000;0,000000;0,24;2
CH;238;2;1,75;1,99;0,00;0,00;0;0;0,587686;1,99;1,75;0,24;No;0,000000;0,000000;0,24;2
CH;239;3;1,79;2,23;0,00;0,00;0;0;0,670149;2,23;1,79;0,44;No;0,000000;0,000000;0,44;3
CH;240;2;1,75;1,99;0,00;0,30;0;1;0,736119;1,69;1,75;-0,06;No;0,150754;0,000000;0,24;2
CH;241;3;1,79;2,23;0,00;0,00;0;0;0,788895;2,23;1,79;0,44;No;0,000000;0,000000;0,44;3
CH;247;3;1,99;2,23;0,00;0,00;0;0;0,831116;2,23;1,99;0,24;No;0,000000;0,000000;0,24;3
CH;248;3;1,99;2,23;0,00;0,00;0;0;0,864893;2,23;1,99;0,24;No;0,000000;0,000000;0,24;3
CH;249;2;1,89;2,09;0,00;0,00;0;0;0,891914;2,09;1,89;0,20;No;0,000000;0,000000;0,20;2
CH;251;2;1,89;2,09;0,13;0,00;0;0;0,913532;2,09;1,76;0,33;No;0,000000;0,068783;0,20;2
CH;254;2;1,89;2,09;0,13;0,00;0;0;0,930825;2,09;1,76;0,33;No;0,000000;0,068783;0,20;2
CH;260;2;1,86;2,18;0,00;0,70;0;0;0,944660;1,48;1,86;-0,38;No;0,321101;0,000000;0,32;2
CH;261;2;1,86;2,18;0,00;0,00;0;0;0,955728;2,18;1,86;0,32;No;0,000000;0,000000;0,32;2
CH;262;3;1,99;2,09;0,00;0,00;0;0;0,964583;2,09;1,99;0,10;No;0,000000;0,000000;0,10;3
CH;266;2;1,86;2,18;0,00;0,00;0;0;0,971666;2,18;1,86;0,32;No;0,000000;0,000000;0,32;2
CH;269;2;1,86;2,18;0,00;0,00;0;0;0,977333;2,18;1,86;0,32;No;0,000000;0,000000;0,32;2
CH;270;2;1,86;2,18;0,00;0,00;0;0;0,981866;2,18;1,86;0,32;No;0,000000;0,000000;0,32;2
MM;271;2;1,86;2,18;0,00;0,06;0;0;0,985493;2,12;1,86;0,26;No;0,027523;0,000000;0,32;2
CH;271;2;1,86;2,18;0,00;0,06;0;0;0,788394;2,12;1,86;0,26;No;0,027523;0,000000;0,32;2
CH;253;1;1,76;2,09;0,00;0,00;0;0;0,600000;2,09;1,76;0,33;No;0,000000;0,000000;0,33;1
CH;266;7;1,86;2,13;0,37;0,00;1;0;0,680000;2,13;1,49;0,64;Yes;0,000000;0,198925;0,27;0
CH;265;7;1,86;2,13;0,37;0,00;1;0;0,400000;2,13;1,49;0,64;Yes;0,000000;0,198925;0,27;0
CH;267;7;1,86;2,13;0,00;0,00;1;0;0,520000;2,13;1,86;0,27;Yes;0,000000;0,000000;0,27;0
MM;228;2;1,69;1,69;0,00;0,00;0;0;0,500000;1,69;1,69;0,00;No;0,000000;0,000000;0,00;2
MM;243;1;1,86;1,99;0,00;0,80;0;1;0,400000;1,19;1,86;-0,67;No;0,402010;0,000000;0,13;1
MM;256;2;1,89;2,18;0,13;0,00;0;0;0,400000;2,18;1,76;0,42;No;0,000000;0,068783;0,29;2
MM;259;2;1,86;2,18;0,00;0,40;0;1;0,320000;1,78;1,86;-0,08;No;0,183486;0,000000;0,32;2
MM;261;2;1,86;2,18;0,00;0,00;0;0;0,256000;2,18;1,86;0,32;No;0,000000;0,000000;0,32;2
CH;254;4;1,99;2,29;0,00;0,00;1;0;0,500000;2,29;1,99;0,30;No;0,000000;0,000000;0,30;4
CH;260;1;1,76;1,99;0,00;0,20;0;0;0,600000;1,79;1,76;0,03;No;0,100503;0,000000;0,23;1
CH;266;1;1,86;1,99;0,00;0,10;0;0;0,680000;1,89;1,86;0,03;No;0,050251;0,000000;0,13;1
MM;267;1;1,86;1,99;0,00;0,20;0;1;0,744000;1,79;1,86;-0,07;No;0,100503;0,000000;0,13;1
MM;268;1;1,86;1,99;0,00;0,20;0;1;0,595200;1,79;1,86;-0,07;No;0,100503;0,000000;0,13;1
CH;270;1;1,86;2,18;0,00;0,00;0;0;0,476160;2,18;1,86;0,32;No;0,000000;0,000000;0,32;1
CH;273;1;1,86;2,18;0,00;0,00;0;0;0,580928;2,18;1,86;0,32;No;0,000000;0,000000;0,32;1
CH;274;1;1,96;2,13;0,00;0,74;0;1;0,664742;1,39;1,96;-0,57;No;0,347418;0,000000;0,17;1
MM;274;1;1,96;2,13;0,00;0,74;0;1;0,731794;1,39;1,96;-0,57;No;0,347418;0,000000;0,17;1
CH;277;1;1,99;2,13;0,24;0,00;0;0;0,585435;2,13;1,75;0,38;No;0,000000;0,120603;0,14;1
MM;235;7;1,75;1,99;0,00;0,40;0;0;0,400000;1,59;1,75;-0,16;Yes;0,201005;0,000000;0,24;0
MM;240;7;1,86;2,09;0,00;0,00;0;0;0,320000;2,09;1,86;0,23;Yes;0,000000;0,000000;0,23;0
MM;242;3;1,99;2,23;0,00;0,00;0;0;0,256000;2,23;1,99;0,24;No;0,000000;0,000000;0,24;3
MM;243;7;1,86;2,09;0,00;0,20;0;0;0,204800;1,89;1,86;0,03;Yes;0,095694;0,000000;0,23;0
MM;254;7;1,86;2,18;0,00;0,00;0;0;0,163840;2,18;1,86;0,32;Yes;0,000000;0,000000;0,32;0
MM;256;7;1,86;2,18;0,00;0,00;0;0;0,131072;2,18;1,86;0,32;Yes;0,000000;0,000000;0,32;0
MM;259;7;1,86;2,18;0,00;0,00;0;0;0,104858;2,18;1,86;0,32;Yes;0,000000;0,000000;0,32;0
MM;260;7;1,86;2,13;0,00;0,24;0;0;0,083886;1,89;1,86;0,03;Yes;0,112676;0,000000;0,27;0
MM;278;7;2,06;2,13;0,00;0,00;0;0;0,067109;2,13;2,06;0,07;Yes;0,000000;0,000000;0,07;0
MM;227;3;1,79;1,79;0,00;0,00;0;1;0,053687;1,79;1,79;0,00;No;0,000000;0,000000;0,00;3
MM;228;3;1,79;1,79;0,00;0,00;0;0;0,042950;1,79;1,79;0,00;No;0,000000;0,000000;0,00;3
MM;229;3;1,79;1,79;0,00;0,00;0;0;0,034360;1,79;1,79;0,00;No;0,000000;0,000000;0,00;3
MM;230;3;1,79;1,79;0,00;0,00;0;0;0,027488;1,79;1,79;0,00;No;0,000000;0,000000;0,00;3
MM;231;3;1,79;1,79;0,00;0,00;0;0;0,021990;1,79;1,79;0,00;No;0,000000;0,000000;0,00;3
MM;232;3;1,79;2,09;0,00;0,00;0;0;0,017592;2,09;1,79;0,30;No;0,000000;0,000000;0,30;3
MM;233;3;1,79;2,09;0,00;0,00;0;0;0,014074;2,09;1,79;0,30;No;0,000000;0,000000;0,30;3
MM;234;3;1,79;2,09;0,00;0,00;0;0;0,011259;2,09;1,79;0,30;No;0,000000;0,000000;0,30;3
MM;235;3;1,79;2,09;0,00;0,00;0;0;0,009007;2,09;1,79;0,30;No;0,000000;0,000000;0,30;3
MM;236;3;1,79;2,09;0,00;0,00;0;0;0,007206;2,09;1,79;0,30;No;0,000000;0,000000;0,30;3
MM;241;3;1,79;2,23;0,00;0,00;0;0;0,005765;2,23;1,79;0,44;No;0,000000;0,000000;0,44;3
MM;245;3;1,99;2,23;0,00;0,00;0;0;0,004612;2,23;1,99;0,24;No;0,000000;0,000000;0,24;3
MM;247;3;1,99;2,23;0,00;0,00;0;0;0,003689;2,23;1,99;0,24;No;0,000000;0,000000;0,24;3
MM;248;3;1,99;2,23;0,00;0,00;0;0;0,002951;2,23;1,99;0,24;No;0,000000;0,000000;0,24;3
MM;249;3;1,99;2,23;0,00;0,00;0;0;0,002361;2,23;1,99;0,24;No;0,000000;0,000000;0,24;3
MM;250;3;1,99;2,23;0,00;0,00;0;0;0,001889;2,23;1,99;0,24;No;0,000000;0,000000;0,24;3
MM;254;3;1,99;2,29;0,00;0,00;1;0;0,001511;2,29;1,99;0,30;No;0,000000;0,000000;0,30;3
MM;255;3;1,99;2,29;0,00;0,00;0;0;0,001209;2,29;1,99;0,30;No;0,000000;0,000000;0,30;3
MM;256;3;1,99;2,29;0,00;0,00;0;0;0,000967;2,29;1,99;0,30;No;0,000000;0,000000;0,30;3
MM;257;3;1,99;2,29;0,00;0,40;0;1;0,000774;1,89;1,99;-0,10;No;0,174672;0,000000;0,30;3
MM;259;3;1,99;2,29;0,00;0,00;0;0;0,000619;2,29;1,99;0,30;No;0,000000;0,000000;0,30;3
MM;259;3;1,99;2,29;0,00;0,00;0;0;0,000495;2,29;1,99;0,30;No;0,000000;0,000000;0,30;3
MM;260;3;1,99;2,09;0,00;0,00;0;0;0,000396;2,09;1,99;0,10;No;0,000000;0,000000;0,10;3
MM;263;3;1,99;2,09;0,00;0,00;0;0;0,000317;2,09;1,99;0,10;No;0,000000;0,000000;0,10;3
MM;264;3;1,99;2,09;0,10;0,00;0;0;0,000254;2,09;1,89;0,20;No;0,000000;0,050251;0,10;3
MM;265;3;1,99;2,09;0,10;0,00;0;0;0,000203;2,09;1,89;0,20;No;0,000000;0,050251;0,10;3
MM;266;3;1,99;2,09;0,10;0,00;0;0;0,000162;2,09;1,89;0,20;No;0,000000;0,050251;0,10;3
MM;267;3;1,99;2,09;0,10;0,00;0;0;0,000130;2,09;1,89;0,20;No;0,000000;0,050251;0,10;3
MM;267;3;1,99;2,09;0,10;0,00;0;0;0,000104;2,09;1,89;0,20;No;0,000000;0,050251;0,10;3
MM;268;3;1,99;2,09;0,10;0,00;0;0;0,000083;2,09;1,89;0,20;No;0,000000;0,050251;0,10;3
MM;269;3;1,99;2,09;0,10;0,00;0;0;0,000066;2,09;1,89;0,20;No;0,000000;0,050251;0,10;3
MM;269;3;1,99;2,09;0,10;0,00;0;0;0,000053;2,09;1,89;0,20;No;0,000000;0,050251;0,10;3
MM;270;3;1,99;2,09;0,10;0,00;0;0;0,000043;2,09;1,89;0,20;No;0,000000;0,050251;0,10;3
MM;271;3;1,99;2,09;0,10;0,40;1;0;0,000034;1,69;1,89;-0,20;No;0,191388;0,050251;0,10;3
MM;272;3;1,99;2,09;0,00;0,40;0;0;0,000027;1,69;1,99;-0,30;No;0,191388;0,000000;0,10;3
MM;273;3;1,99;2,09;0,00;0,40;0;0;0,000022;1,69;1,99;-0,30;No;0,191388;0,000000;0,10;3
MM;274;3;1,99;2,09;0,00;0,40;0;0;0,000017;1,69;1,99;-0,30;No;0,191388;0,000000;0,10;3
MM;275;3;2,09;2,09;0,00;0,40;0;0;0,000014;1,69;2,09;-0,40;No;0,191388;0,000000;0,00;3
MM;276;3;2,09;2,09;0,20;0,40;0;0;0,000011;1,69;1,89;-0,20;No;0,191388;0,095694;0,00;3
CH;269;7;1,86;2,13;0,27;0,00;1;0;0,500000;2,13;1,59;0,54;Yes;0,000000;0,145161;0,27;0
CH;270;7;1,86;2,13;0,27;0,00;1;0;0,600000;2,13;1,59;0,54;Yes;0,000000;0,145161;0,27;0
CH;275;1;1,96;2,13;0,00;0,74;0;1;0,680000;1,39;1,96;-0,57;No;0,347418;0,000000;0,17;1
MM;274;4;1,99;2,09;0,00;0,40;0;0;0,500000;1,69;1,99;-0,30;No;0,191388;0,000000;0,10;4
MM;275;4;2,09;2,09;0,00;0,40;0;0;0,400000;1,69;2,09;-0,40;No;0,191388;0,000000;0,00;4
MM;276;4;2,09;2,09;0,20;0,40;0;0;0,320000;1,69;1,89;-0,20;No;0,191388;0,095694;0,00;4
MM;230;1;1,69;1,69;0,00;0,20;0;0;0,307200;1,49;1,69;-0,20;No;0,118343;0,000000;0,00;1
MM;242;1;1,86;1,99;0,00;0,30;0;1;0,245760;1,69;1,86;-0,17;No;0,150754;0,000000;0,13;1
CH;250;7;1,86;2,09;0,00;0,00;0;0;0,196608;2,09;1,86;0,23;Yes;0,000000;0,000000;0,23;0
MM;229;3;1,79;1,79;0,00;0,00;0;0;0,480000;1,79;1,79;0,00;No;0,000000;0,000000;0,00;3
MM;246;3;1,99;2,23;0,00;0,00;0;0;0,384000;2,23;1,99;0,24;No;0,000000;0,000000;0,24;3
MM;252;3;1,99;2,23;0,00;0,00;0;0;0,307200;2,23;1,99;0,24;No;0,000000;0,000000;0,24;3
CH;253;3;1,99;2,23;0,00;0,00;0;0;0,245760;2,23;1,99;0,24;No;0,000000;0,000000;0,24;3
CH;256;3;1,99;2,29;0,00;0,00;0;0;0,396608;2,29;1,99;0,30;No;0,000000;0,000000;0,30;3
CH;259;3;1,99;2,29;0,00;0,00;0;0;0,517286;2,29;1,99;0,30;No;0,000000;0,000000;0,30;3
CH;259;3;1,99;2,29;0,00;0,00;0;0;0,613829;2,29;1,99;0,30;No;0,000000;0,000000;0,30;3
CH;271;3;1,99;2,09;0,10;0,40;1;0;0,691063;1,69;1,89;-0,20;No;0,191388;0,050251;0,10;3
MM;275;3;2,09;2,09;0,00;0,40;0;0;0,752851;1,69;2,09;-0,40;No;0,191388;0,000000;0,00;3
CH;233;7;1,75;1,99;0,00;0,40;1;0;0,500000;1,59;1,75;-0,16;Yes;0,201005;0,000000;0,24;0
MM;262;1;1,76;1,99;0,00;0,40;0;1;0,600000;1,59;1,76;-0,17;No;0,201005;0,000000;0,23;1
MM;234;3;1,79;2,09;0,00;0,00;0;0;0,256000;2,09;1,79;0,30;No;0,000000;0,000000;0,30;3
MM;238;7;1,75;1,99;0,00;0,40;0;0;0,204800;1,59;1,75;-0,16;Yes;0,201005;0,000000;0,24;0
CH;228;2;1,69;1,69;0,00;0,00;0;0;0,600000;1,69;1,69;0,00;No;0,000000;0,000000;0,00;2
CH;229;7;1,69;1,69;0,00;0,20;0;1;0,680000;1,49;1,69;-0,20;Yes;0,118343;0,000000;0,00;0
CH;232;4;1,79;2,09;0,00;0,00;0;0;0,400000;2,09;1,79;0,30;No;0,000000;0,000000;0,30;4
MM;232;1;1,69;1,99;0,00;0,00;1;0;0,520000;1,99;1,69;0,30;No;0,000000;0,000000;0,30;1
CH;266;1;1,86;1,99;0,00;0,10;0;0;0,416000;1,89;1,86;0,03;No;0,050251;0,000000;0,13;1
MM;241;1;1,86;1,99;0,00;0,30;0;1;0,364800;1,69;1,86;-0,17;No;0,150754;0,000000;0,13;1
CH;248;2;1,89;2,09;0,00;0,00;0;0;0,291840;2,09;1,89;0,20;No;0,000000;0,000000;0,20;2
CH;273;1;1,86;2,18;0,00;0,00;0;0;0,433472;2,18;1,86;0,32;No;0,000000;0,000000;0,32;1
MM;256;2;1,89;2,18;0,13;0,00;0;0;0,500000;2,18;1,76;0,42;No;0,000000;0,068783;0,29;2
MM;259;2;1,86;2,18;0,00;0,40;0;1;0,400000;1,78;1,86;-0,08;No;0,183486;0,000000;0,32;2
MM;237;2;1,75;1,99;0,00;0,00;0;0;0,564800;1,99;1,75;0,24;No;0,000000;0,000000;0,24;2
CH;242;3;1,99;2,23;0,00;0,00;0;0;0,451840;2,23;1,99;0,24;No;0,000000;0,000000;0,24;3
CH;278;3;2,09;2,09;0,20;0,00;0;0;0,561472;2,09;1,89;0,20;No;0,000000;0,095694;0,00;3
CH;250;2;1,89;2,09;0,00;0,00;0;0;0,600000;2,09;1,89;0,20;No;0,000000;0,000000;0,20;2
CH;253;2;1,89;2,09;0,13;0,00;0;0;0,680000;2,09;1,76;0,33;No;0,000000;0,068783;0,20;2
CH;256;2;1,89;2,18;0,13;0,00;0;0;0,744000;2,18;1,76;0,42;No;0,000000;0,068783;0,29;2
CH;260;2;1,86;2,18;0,00;0,70;0;0;0,795200;1,48;1,86;-0,38;No;0,321101;0,000000;0,32;2
CH;261;2;1,86;2,18;0,00;0,00;0;0;0,836160;2,18;1,86;0,32;No;0,000000;0,000000;0,32;2
CH;263;7;1,86;2,13;0,27;0,00;0;0;0,868928;2,13;1,59;0,54;Yes;0,000000;0,145161;0,27;0
MM;278;7;2,06;2,13;0,00;0,00;0;0;0,600000;2,13;2,06;0,07;Yes;0,000000;0,000000;0,07;0
MM;228;2;1,69;1,69;0,00;0,00;0;0;0,500000;1,69;1,69;0,00;No;0,000000;0,000000;0,00;2
MM;229;2;1,69;1,69;0,00;0,00;0;0;0,400000;1,69;1,69;0,00;No;0,000000;0,000000;0,00;2
MM;235;2;1,69;1,99;0,00;0,00;0;0;0,320000;1,99;1,69;0,30;No;0,000000;0,000000;0,30;2
MM;244;2;1,86;2,09;0,00;0,00;0;0;0,256000;2,09;1,86;0,23;No;0,000000;0,000000;0,23;2
MM;245;2;1,89;2,09;0,00;0,00;0;0;0,204800;2,09;1,89;0,20;No;0,000000;0,000000;0,20;2
MM;248;2;1,89;2,09;0,00;0,00;0;0;0,163840;2,09;1,89;0,20;No;0,000000;0,000000;0,20;2
CH;232;7;1,69;1,99;0,00;0,40;1;1;0,600000;1,59;1,69;-0,10;Yes;0,201005;0,000000;0,30;0
MM;267;2;1,86;2,18;0,00;0,40;0;1;0,680000;1,78;1,86;-0,08;No;0,183486;0,000000;0,32;2
MM;260;1;1,76;1,99;0,00;0,20;0;0;0,600000;1,79;1,76;0,03;No;0,100503;0,000000;0,23;1
CH;276;2;1,99;2,18;0,00;0,00;0;1;0,500000;2,18;1,99;0,19;No;0,000000;0,000000;0,19;2
CH;278;2;1,99;2,18;0,00;0,00;0;0;0,600000;2,18;1,99;0,19;No;0,000000;0,000000;0,19;2
CH;232;1;1,69;1,99;0,00;0,00;1;0;0,586313;1,99;1,69;0,30;No;0,000000;0,000000;0,30;1
CH;247;1;1,86;2,09;0,00;0,00;0;0;0,669050;2,09;1,86;0,23;No;0,000000;0,000000;0,23;1
CH;250;1;1,86;2,09;0,00;0,00;0;0;0,735240;2,09;1,86;0,23;No;0,000000;0,000000;0,23;1
MM;230;3;1,79;1,79;0,00;0,00;0;0;0,131072;1,79;1,79;0,00;No;0,000000;0,000000;0,00;3
MM;232;3;1,79;2,09;0,00;0,00;0;0;0,104858;2,09;1,79;0,30;No;0,000000;0,000000;0,30;3
MM;233;3;1,79;2,09;0,00;0,00;0;0;0,083886;2,09;1,79;0,30;No;0,000000;0,000000;0,30;3
MM;234;3;1,79;2,09;0,00;0,00;0;0;0,067109;2,09;1,79;0,30;No;0,000000;0,000000;0,30;3
CH;273;3;1,99;2,09;0,00;0,40;0;0;0,053687;1,69;1,99;-0,30;No;0,191388;0,000000;0,10;3
CH;274;7;1,86;2,13;0,47;0,54;1;0;0,500000;1,59;1,39;0,20;Yes;0,253521;0,252688;0,27;0
MM;275;2;1,96;2,18;0,00;0,80;0;1;0,600000;1,38;1,96;-0,58;No;0,366972;0,000000;0,22;2
MM;241;3;1,79;2,23;0,00;0,00;0;0;0,500000;2,23;1,79;0,44;No;0,000000;0,000000;0,44;3
CH;259;2;1,86;2,18;0,00;0,40;0;1;0,400000;1,78;1,86;-0,08;No;0,183486;0,000000;0,32;2
MM;237;1;1,75;1,99;0,00;0,00;0;0;0,104858;1,99;1,75;0,24;No;0,000000;0,000000;0,24;1
MM;257;1;1,76;2,18;0,00;0,00;0;0;0,083886;2,18;1,76;0,42;No;0,000000;0,000000;0,42;1
MM;259;1;1,76;1,99;0,00;0,20;0;1;0,067109;1,79;1,76;0,03;No;0,100503;0,000000;0,23;1
MM;262;1;1,76;1,99;0,00;0,40;0;1;0,053687;1,59;1,76;-0,17;No;0,201005;0,000000;0,23;1
MM;263;1;1,76;1,99;0,00;0,40;0;1;0,042950;1,59;1,76;-0,17;No;0,201005;0,000000;0,23;1
MM;274;1;1,96;2,13;0,00;0,74;0;1;0,034360;1,39;1,96;-0,57;No;0,347418;0,000000;0,17;1
MM;244;7;1,86;2,09;0,00;0,20;0;0;0,520000;1,89;1,86;0,03;Yes;0,095694;0,000000;0,23;0
MM;276;7;1,99;2,13;0,00;0,54;0;1;0,416000;1,59;1,99;-0,40;Yes;0,253521;0,000000;0,14;0
MM;277;7;1,99;2,13;0,50;0,00;0;1;0,332800;2,13;1,49;0,64;Yes;0,000000;0,251256;0,14;0
CH;237;3;1,79;2,09;0,00;0,00;0;0;0,500000;2,09;1,79;0,30;No;0,000000;0,000000;0,30;3
CH;241;3;1,79;2,23;0,00;0,00;0;0;0,600000;2,23;1,79;0,44;No;0,000000;0,000000;0,44;3
CH;256;7;1,86;2,18;0,00;0,00;0;0;0,500000;2,18;1,86;0,32;Yes;0,000000;0,000000;0,32;0
CH;258;1;1,76;2,18;0,00;0,00;0;0;0,600000;2,18;1,76;0,42;No;0,000000;0,000000;0,42;1
CH;259;7;1,86;2,18;0,00;0,00;0;0;0,680000;2,18;1,86;0,32;Yes;0,000000;0,000000;0,32;0
CH;259;7;1,86;2,18;0,00;0,00;0;0;0,744000;2,18;1,86;0,32;Yes;0,000000;0,000000;0,32;0
CH;262;7;1,86;2,13;0,00;0,00;0;0;0,795200;2,13;1,86;0,27;Yes;0,000000;0,000000;0,27;0
CH;264;7;1,86;2,13;0,37;0,00;1;0;0,836160;2,13;1,49;0,64;Yes;0,000000;0,198925;0,27;0
CH;265;7;1,86;2,13;0,37;0,00;1;0;0,868928;2,13;1,49;0,64;Yes;0,000000;0,198925;0,27;0
CH;265;7;1,86;2,13;0,37;0,00;1;0;0,895142;2,13;1,49;0,64;Yes;0,000000;0,198925;0,27;0
CH;266;7;1,86;2,13;0,37;0,00;1;0;0,916114;2,13;1,49;0,64;Yes;0,000000;0,198925;0,27;0
CH;267;7;1,86;2,13;0,00;0,00;1;0;0,932891;2,13;1,86;0,27;Yes;0,000000;0,000000;0,27;0
CH;268;7;1,86;2,13;0,00;0,00;0;0;0,946313;2,13;1,86;0,27;Yes;0,000000;0,000000;0,27;0
CH;269;7;1,86;2,13;0,27;0,00;1;0;0,957050;2,13;1,59;0,54;Yes;0,000000;0,145161;0,27;0
CH;269;1;1,86;2,18;0,00;0,00;0;0;0,965640;2,18;1,86;0,32;No;0,000000;0,000000;0,32;1
CH;270;7;1,86;2,13;0,27;0,00;1;0;0,972512;2,13;1,59;0,54;Yes;0,000000;0,145161;0,27;0
CH;271;7;1,86;2,13;0,00;0,00;0;0;0,978010;2,13;1,86;0,27;Yes;0,000000;0,000000;0,27;0
CH;273;7;1,86;2,13;0,00;0,54;0;0;0,982408;1,59;1,86;-0,27;Yes;0,253521;0,000000;0,27;0
CH;274;7;1,86;2,13;0,47;0,54;1;0;0,985926;1,59;1,39;0,20;Yes;0,253521;0,252688;0,27;0
CH;277;7;1,99;2,13;0,50;0,00;0;1;0,988741;2,13;1,49;0,64;Yes;0,000000;0,251256;0,14;0
CH;228;4;1,79;1,79;0,00;0,00;0;0;0,740314;1,79;1,79;0,00;No;0,000000;0,000000;0,00;4
CH;229;4;1,79;1,79;0,00;0,00;0;0;0,792251;1,79;1,79;0,00;No;0,000000;0,000000;0,00;4
CH;231;4;1,79;1,79;0,00;0,00;0;0;0,833801;1,79;1,79;0,00;No;0,000000;0,000000;0,00;4
CH;232;4;1,79;2,09;0,00;0,00;0;0;0,867041;2,09;1,79;0,30;No;0,000000;0,000000;0,30;4
CH;240;4;1,79;2,23;0,00;0,00;0;0;0,893632;2,23;1,79;0,44;No;0,000000;0,000000;0,44;4
CH;244;4;1,99;2,23;0,00;0,00;0;0;0,914906;2,23;1,99;0,24;No;0,000000;0,000000;0,24;4
CH;248;1;1,86;2,09;0,00;0,00;0;0;0,931925;2,09;1,86;0,23;No;0,000000;0,000000;0,23;1
CH;251;4;1,99;2,23;0,00;0,00;0;0;0,945540;2,23;1,99;0,24;No;0,000000;0,000000;0,24;4
CH;270;4;1,99;2,09;0,10;0,00;0;0;0,956432;2,09;1,89;0,20;No;0,000000;0,050251;0,10;4
CH;274;4;1,99;2,09;0,00;0,40;0;0;0,965145;1,69;1,99;-0,30;No;0,191388;0,000000;0,10;4
MM;228;2;1,69;1,69;0,00;0,00;0;0;0,320000;1,69;1,69;0,00;No;0,000000;0,000000;0,00;2
MM;237;3;1,79;2,09;0,00;0,00;0;0;0,256000;2,09;1,79;0,30;No;0,000000;0,000000;0,30;3
MM;241;3;1,79;2,23;0,00;0,00;0;0;0,204800;2,23;1,79;0,44;No;0,000000;0,000000;0,44;3
MM;252;3;1,99;2,23;0,00;0,00;0;0;0,163840;2,23;1,99;0,24;No;0,000000;0,000000;0,24;3
MM;231;4;1,79;1,79;0,00;0,00;0;0;0,600000;1,79;1,79;0,00;No;0,000000;0,000000;0,00;4
CH;251;4;1,99;2,23;0,00;0,00;0;0;0,480000;2,23;1,99;0,24;No;0,000000;0,000000;0,24;4
MM;243;1;1,86;1,99;0,00;0,80;0;1;0,320000;1,19;1,86;-0,67;No;0,402010;0,000000;0,13;1
MM;262;2;1,86;2,18;0,00;0,60;0;1;0,256000;1,58;1,86;-0,28;No;0,275229;0,000000;0,32;2
MM;268;1;1,86;1,99;0,00;0,20;0;1;0,204800;1,79;1,86;-0,07;No;0,100503;0,000000;0,13;1
CH;268;2;1,86;2,18;0,00;0,00;0;1;0,163840;2,18;1,86;0,32;No;0,000000;0,000000;0,32;2
MM;270;2;1,86;2,18;0,00;0,00;0;0;0,331072;2,18;1,86;0,32;No;0,000000;0,000000;0,32;2
CH;273;2;1,86;2,18;0,00;0,06;0;0;0,264858;2,12;1,86;0,26;No;0,027523;0,000000;0,32;2
MM;274;7;1,86;2,13;0,47;0,54;1;0;0,411886;1,59;1,39;0,20;Yes;0,253521;0,252688;0,27;0
MM;274;2;1,96;2,18;0,00;0,80;0;1;0,329509;1,38;1,96;-0,58;No;0,366972;0,000000;0,22;2
MM;274;2;1,96;2,18;0,00;0,80;0;1;0,263607;1,38;1,96;-0,58;No;0,366972;0,000000;0,22;2
MM;275;2;1,96;2,18;0,00;0,80;0;1;0,210886;1,38;1,96;-0,58;No;0,366972;0,000000;0,22;2
MM;275;2;1,96;2,18;0,00;0,80;0;1;0,168709;1,38;1,96;-0,58;No;0,366972;0,000000;0,22;2
MM;234;7;1,75;1,99;0,00;0,40;1;0;0,500000;1,59;1,75;-0,16;Yes;0,201005;0,000000;0,24;0
CH;269;7;1,86;2,13;0,27;0,00;1;0;0,400000;2,13;1,59;0,54;Yes;0,000000;0,145161;0,27;0
CH;232;1;1,69;1,99;0,00;0,00;1;0;0,795200;1,99;1,69;0,30;No;0,000000;0,000000;0,30;1
CH;232;1;1,69;1,99;0,00;0,00;1;0;0,836160;1,99;1,69;0,30;No;0,000000;0,000000;0,30;1
CH;234;1;1,69;1,99;0,00;0,00;0;0;0,868928;1,99;1,69;0,30;No;0,000000;0,000000;0,30;1
CH;237;1;1,75;1,99;0,00;0,00;0;0;0,895142;1,99;1,75;0,24;No;0,000000;0,000000;0,24;1
CH;240;7;1,86;2,09;0,00;0,00;0;0;0,916114;2,09;1,86;0,23;Yes;0,000000;0,000000;0,23;0
CH;242;1;1,86;1,99;0,00;0,30;0;1;0,932891;1,69;1,86;-0,17;No;0,150754;0,000000;0,13;1
CH;246;1;1,86;2,09;0,00;0,00;0;0;0,946313;2,09;1,86;0,23;No;0,000000;0,000000;0,23;1
CH;251;7;1,86;2,09;0,10;0,00;0;0;0,957050;2,09;1,76;0,33;Yes;0,000000;0,053763;0,23;0
CH;253;7;1,86;2,09;0,10;0,00;0;0;0,965640;2,09;1,76;0,33;Yes;0,000000;0,053763;0,23;0
CH;259;1;1,76;1,99;0,00;0,20;0;1;0,972512;1,79;1,76;0,03;No;0,100503;0,000000;0,23;1
CH;274;7;1,86;2,13;0,47;0,54;1;0;0,978010;1,59;1,39;0,20;Yes;0,253521;0,252688;0,27;0
MM;234;7;1,75;1,99;0,00;0,40;1;0;0,500000;1,59;1,75;-0,16;Yes;0,201005;0,000000;0,24;0
CH;256;7;1,86;2,18;0,00;0,00;0;0;0,400000;2,18;1,86;0,32;Yes;0,000000;0,000000;0,32;0
CH;228;7;1,69;1,69;0,00;0,00;0;0;0,351365;1,69;1,69;0,00;Yes;0,000000;0,000000;0,00;0
MM;231;7;1,69;1,99;0,00;0,00;0;0;0,481092;1,99;1,69;0,30;Yes;0,000000;0,000000;0,30;0
CH;233;7;1,75;1,99;0,00;0,40;1;0;0,384874;1,59;1,75;-0,16;Yes;0,201005;0,000000;0,24;0
CH;236;7;1,75;1,99;0,00;0,40;0;0;0,507899;1,59;1,75;-0,16;Yes;0,201005;0,000000;0,24;0
MM;260;4;1,99;2,09;0,00;0,00;0;0;0,606319;2,09;1,99;0,10;No;0,000000;0,000000;0,10;4
CH;268;7;1,86;2,13;0,00;0,00;0;0;0,485055;2,13;1,86;0,27;Yes;0,000000;0,000000;0,27;0
CH;269;7;1,86;2,13;0,27;0,00;1;0;0,588044;2,13;1,59;0,54;Yes;0,000000;0,145161;0,27;0
CH;274;7;1,86;2,13;0,47;0,54;1;0;0,670435;1,59;1,39;0,20;Yes;0,253521;0,252688;0,27;0
MM;275;7;1,99;2,13;0,00;0,54;1;0;0,736348;1,59;1,99;-0,40;Yes;0,253521;0,000000;0,14;0
MM;276;7;1,99;2,13;0,00;0,54;0;1;0,589079;1,59;1,99;-0,40;Yes;0,253521;0,000000;0,14;0
CH;248;4;1,99;2,23;0,00;0,00;0;0;0,500000;2,23;1,99;0,24;No;0,000000;0,000000;0,24;4
CH;251;4;1,99;2,23;0,00;0,00;0;0;0,600000;2,23;1,99;0,24;No;0,000000;0,000000;0,24;4
CH;254;4;1,99;2,29;0,00;0,00;1;0;0,680000;2,29;1,99;0,30;No;0,000000;0,000000;0,30;4
CH;256;4;1,99;2,29;0,00;0,00;0;0;0,744000;2,29;1,99;0,30;No;0,000000;0,000000;0,30;4
MM;258;4;1,99;2,29;0,00;0,00;0;0;0,795200;2,29;1,99;0,30;No;0,000000;0,000000;0,30;4
CH;260;4;1,99;2,09;0,00;0,00;0;0;0,636160;2,09;1,99;0,10;No;0,000000;0,000000;0,10;4
CH;262;4;1,99;2,09;0,00;0,00;0;0;0,708928;2,09;1,99;0,10;No;0,000000;0,000000;0,10;4
CH;264;4;1,99;2,09;0,10;0,00;0;0;0,767142;2,09;1,89;0,20;No;0,000000;0,050251;0,10;4
CH;267;4;1,99;2,09;0,10;0,00;0;0;0,813714;2,09;1,89;0,20;No;0,000000;0,050251;0,10;4
CH;277;4;2,09;2,09;0,20;0,40;0;0;0,850971;1,69;1,89;-0,20;No;0,191388;0,095694;0,00;4
MM;236;7;1,75;1,99;0,00;0,40;0;0;0,400000;1,59;1,75;-0,16;Yes;0,201005;0,000000;0,24;0
CH;233;7;1,75;1,99;0,00;0,40;1;0;0,600000;1,59;1,75;-0,16;Yes;0,201005;0,000000;0,24;0
MM;262;1;1,76;1,99;0,00;0,40;0;1;0,680000;1,59;1,76;-0,17;No;0,201005;0,000000;0,23;1
CH;265;7;1,86;2,13;0,37;0,00;1;0;0,544000;2,13;1,49;0,64;Yes;0,000000;0,198925;0,27;0
CH;269;7;1,86;2,13;0,27;0,00;1;0;0,635200;2,13;1,59;0,54;Yes;0,000000;0,145161;0,27;0
CH;273;1;1,86;2,18;0,00;0,00;0;0;0,708160;2,18;1,86;0,32;No;0,000000;0,000000;0,32;1
CH;274;7;1,86;2,13;0,47;0,54;1;0;0,766528;1,59;1,39;0,20;Yes;0,253521;0,252688;0,27;0
CH;252;7;1,86;2,09;0,10;0,00;0;0;0,500000;2,09;1,76;0,33;Yes;0,000000;0,053763;0,23;0
CH;253;7;1,86;2,09;0,10;0,00;0;0;0,600000;2,09;1,76;0,33;Yes;0,000000;0,053763;0,23;0
CH;254;7;1,86;2,18;0,00;0,00;0;0;0,680000;2,18;1,86;0,32;Yes;0,000000;0,000000;0,32;0
CH;256;7;1,86;2,18;0,00;0,00;0;0;0,744000;2,18;1,86;0,32;Yes;0,000000;0,000000;0,32;0
CH;257;7;1,86;2,18;0,00;0,00;0;0;0,795200;2,18;1,86;0,32;Yes;0,000000;0,000000;0,32;0
CH;258;7;1,86;2,18;0,00;0,00;0;0;0,836160;2,18;1,86;0,32;Yes;0,000000;0,000000;0,32;0
CH;259;7;1,86;2,18;0,00;0,00;0;0;0,868928;2,18;1,86;0,32;Yes;0,000000;0,000000;0,32;0
CH;260;7;1,86;2,13;0,00;0,24;0;0;0,895142;1,89;1,86;0,03;Yes;0,112676;0,000000;0,27;0
CH;262;7;1,86;2,13;0,00;0,00;0;0;0,916114;2,13;1,86;0,27;Yes;0,000000;0,000000;0,27;0
CH;265;7;1,86;2,13;0,37;0,00;1;0;0,932891;2,13;1,49;0,64;Yes;0,000000;0,198925;0,27;0
CH;266;7;1,86;2,13;0,37;0,00;1;0;0,946313;2,13;1,49;0,64;Yes;0,000000;0,198925;0,27;0
CH;269;7;1,86;2,13;0,27;0,00;1;0;0,957050;2,13;1,59;0,54;Yes;0,000000;0,145161;0,27;0
CH;274;7;1,86;2,13;0,47;0,54;1;0;0,965640;1,59;1,39;0,20;Yes;0,253521;0,252688;0,27;0
MM;275;7;1,99;2,13;0,00;0,54;1;0;0,972512;1,59;1,99;-0,40;Yes;0,253521;0,000000;0,14;0
CH;277;7;1,99;2,13;0,50;0,00;0;1;0,778010;2,13;1,49;0,64;Yes;0,000000;0,251256;0,14;0
MM;231;7;1,69;1,99;0,00;0,00;0;0;0,256000;1,99;1,69;0,30;Yes;0,000000;0,000000;0,30;0
MM;233;7;1,75;1,99;0,00;0,40;1;0;0,204800;1,59;1,75;-0,16;Yes;0,201005;0,000000;0,24;0
CH;238;1;1,75;1,99;0,00;0,00;0;0;0,163840;1,99;1,75;0,24;No;0,000000;0,000000;0,24;1
CH;247;1;1,86;2,09;0,00;0,00;0;0;0,331072;2,09;1,86;0,23;No;0,000000;0,000000;0,23;1
CH;273;1;1,86;2,18;0,00;0,00;0;0;0,464858;2,18;1,86;0,32;No;0,000000;0,000000;0,32;1
MM;275;1;1,96;2,13;0,00;0,74;0;1;0,571886;1,39;1,96;-0,57;No;0,347418;0,000000;0,17;1
MM;276;2;1,99;2,18;0,00;0,00;0;1;0,320000;2,18;1,99;0,19;No;0,000000;0,000000;0,19;2
CH;236;2;1,75;1,99;0,00;0,00;0;0;0,500000;1,99;1,75;0,24;No;0,000000;0,000000;0,24;2
MM;273;2;1,86;2,18;0,00;0,06;0;0;0,600000;2,12;1,86;0,26;No;0,027523;0,000000;0,32;2
MM;247;2;1,89;2,09;0,00;0,00;0;0;0,680000;2,09;1,89;0,20;No;0,000000;0,000000;0,20;2
MM;246;2;1,89;2,09;0,00;0,00;0;0;0,500000;2,09;1,89;0,20;No;0,000000;0,000000;0,20;2
CH;246;2;1,89;2,09;0,00;0,00;0;0;0,400000;2,09;1,89;0,20;No;0,000000;0,000000;0,20;2
MM;266;3;1,99;2,09;0,10;0,00;0;0;0,520000;2,09;1,89;0,20;No;0,000000;0,050251;0,10;3
MM;277;1;1,99;2,13;0,24;0,00;0;0;0,416000;2,13;1,75;0,38;No;0,000000;0,120603;0,14;1
CH;268;2;1,86;2,18;0,00;0,00;0;1;0,400000;2,18;1,86;0,32;No;0,000000;0,000000;0,32;2
CH;269;7;1,86;2,13;0,27;0,00;1;0;0,520000;2,13;1,59;0,54;Yes;0,000000;0,145161;0,27;0
CH;269;2;1,86;2,18;0,00;0,00;0;0;0,616000;2,18;1,86;0,32;No;0,000000;0,000000;0,32;2
MM;272;2;1,86;2,18;0,00;0,06;0;0;0,692800;2,12;1,86;0,26;No;0,027523;0,000000;0,32;2
MM;275;7;1,99;2,13;0,00;0,54;1;0;0,554240;1,59;1,99;-0,40;Yes;0,253521;0,000000;0,14;0
MM;276;7;1,99;2,13;0,00;0,54;0;1;0,443392;1,59;1,99;-0,40;Yes;0,253521;0,000000;0,14;0
MM;231;3;1,79;1,79;0,00;0,00;0;0;0,400000;1,79;1,79;0,00;No;0,000000;0,000000;0,00;3
MM;231;3;1,79;1,79;0,00;0,00;0;0;0,320000;1,79;1,79;0,00;No;0,000000;0,000000;0,00;3
MM;231;3;1,79;1,79;0,00;0,00;0;0;0,256000;1,79;1,79;0,00;No;0,000000;0,000000;0,00;3
MM;234;3;1,79;2,09;0,00;0,00;0;0;0,204800;2,09;1,79;0,30;No;0,000000;0,000000;0,30;3
MM;236;3;1,79;2,09;0,00;0,00;0;0;0,163840;2,09;1,79;0,30;No;0,000000;0,000000;0,30;3
CH;242;3;1,99;2,23;0,00;0,00;0;0;0,131072;2,23;1,99;0,24;No;0,000000;0,000000;0,24;3
CH;227;4;1,79;1,79;0,00;0,00;0;1;0,500000;1,79;1,79;0,00;No;0,000000;0,000000;0,00;4
CH;251;4;1,99;2,23;0,00;0,00;0;0;0,600000;2,23;1,99;0,24;No;0,000000;0,000000;0,24;4
CH;272;3;1,99;2,09;0,00;0,40;0;0;0,600000;1,69;1,99;-0,30;No;0,191388;0,000000;0,10;3
MM;227;2;1,69;1,69;0,00;0,00;0;0;0,211886;1,69;1,69;0,00;No;0,000000;0,000000;0,00;2
MM;229;2;1,69;1,69;0,00;0,00;0;0;0,169509;1,69;1,69;0,00;No;0,000000;0,000000;0,00;2
MM;231;2;1,69;1,69;0,30;0,00;1;0;0,135607;1,69;1,39;0,30;No;0,000000;0,177515;0,00;2
MM;233;2;1,69;1,69;0,00;0,00;0;0;0,108486;1,69;1,69;0,00;No;0,000000;0,000000;0,00;2
MM;237;2;1,75;1,99;0,00;0,00;0;0;0,086789;1,99;1,75;0,24;No;0,000000;0,000000;0,24;2
MM;249;2;1,89;2,09;0,00;0,00;0;0;0,069431;2,09;1,89;0,20;No;0,000000;0,000000;0,20;2
MM;250;2;1,89;2,09;0,00;0,00;0;0;0,055545;2,09;1,89;0,20;No;0,000000;0,000000;0,20;2
MM;251;2;1,89;2,09;0,13;0,00;0;0;0,044436;2,09;1,76;0,33;No;0,000000;0,068783;0,20;2
MM;255;2;1,89;2,18;0,13;0,00;0;0;0,035549;2,18;1,76;0,42;No;0,000000;0,068783;0,29;2
MM;256;3;1,99;2,29;0,00;0,00;0;0;0,028439;2,29;1,99;0,30;No;0,000000;0,000000;0,30;3
MM;256;2;1,89;2,18;0,13;0,00;0;0;0,022751;2,18;1,76;0,42;No;0,000000;0,068783;0,29;2
MM;258;2;1,86;2,18;0,00;0,00;0;0;0,018201;2,18;1,86;0,32;No;0,000000;0,000000;0,32;2
MM;259;7;1,86;2,18;0,00;0,00;0;0;0,014561;2,18;1,86;0,32;Yes;0,000000;0,000000;0,32;0
MM;260;3;1,99;2,09;0,00;0,00;0;0;0,011649;2,09;1,99;0,10;No;0,000000;0,000000;0,10;3
MM;262;2;1,86;2,18;0,00;0,60;0;1;0,009319;1,58;1,86;-0,28;No;0,275229;0,000000;0,32;2
MM;263;2;1,86;2,18;0,00;0,00;0;1;0,007455;2,18;1,86;0,32;No;0,000000;0,000000;0,32;2
MM;265;2;1,86;2,18;0,00;0,00;0;0;0,005964;2,18;1,86;0,32;No;0,000000;0,000000;0,32;2
MM;266;2;1,86;2,18;0,00;0,00;0;0;0,004771;2,18;1,86;0,32;No;0,000000;0,000000;0,32;2
MM;267;2;1,86;2,18;0,00;0,40;0;1;0,003817;1,78;1,86;-0,08;No;0,183486;0,000000;0,32;2
MM;268;3;1,99;2,09;0,10;0,00;0;0;0,003054;2,09;1,89;0,20;No;0,000000;0,050251;0,10;3
CH;269;2;1,86;2,18;0,00;0,00;0;0;0,002443;2,18;1,86;0,32;No;0,000000;0,000000;0,32;2
CH;270;2;1,86;2,18;0,00;0,00;0;0;0,201954;2,18;1,86;0,32;No;0,000000;0,000000;0,32;2
MM;271;3;1,99;2,09;0,10;0,40;1;0;0,361563;1,69;1,89;-0,20;No;0,191388;0,050251;0,10;3
MM;273;3;1,99;2,09;0,00;0,40;0;0;0,289251;1,69;1,99;-0,30;No;0,191388;0,000000;0,10;3
MM;275;2;1,96;2,18;0,00;0,80;0;1;0,231401;1,38;1,96;-0,58;No;0,366972;0,000000;0,22;2
MM;276;2;1,99;2,18;0,00;0,00;0;1;0,185120;2,18;1,99;0,19;No;0,000000;0,000000;0,19;2
MM;277;2;1,99;2,18;0,00;0,00;0;0;0,148096;2,18;1,99;0,19;No;0,000000;0,000000;0,19;2
MM;232;1;1,69;1,99;0,00;0,00;1;0;0,480000;1,99;1,69;0,30;No;0,000000;0,000000;0,30;1
CH;227;1;1,69;1,69;0,00;0,00;0;0;0,600000;1,69;1,69;0,00;No;0,000000;0,000000;0,00;1
MM;229;1;1,69;1,69;0,00;0,00;0;0;0,680000;1,69;1,69;0,00;No;0,000000;0,000000;0,00;1
MM;230;1;1,69;1,69;0,00;0,20;0;0;0,544000;1,49;1,69;-0,20;No;0,118343;0,000000;0,00;1
CH;233;1;1,69;1,99;0,00;0,00;0;0;0,435200;1,99;1,69;0,30;No;0,000000;0,000000;0,30;1
MM;236;1;1,75;1,99;0,00;0,00;0;0;0,548160;1,99;1,75;0,24;No;0,000000;0,000000;0,24;1
MM;237;1;1,75;1,99;0,00;0,00;0;0;0,438528;1,99;1,75;0,24;No;0,000000;0,000000;0,24;1
MM;238;1;1,75;1,99;0,00;0,00;0;0;0,350822;1,99;1,75;0,24;No;0,000000;0,000000;0,24;1
MM;239;1;1,75;1,99;0,00;0,30;0;1;0,280658;1,69;1,75;-0,06;No;0,150754;0,000000;0,24;1
MM;240;1;1,75;1,99;0,00;0,30;0;1;0,224526;1,69;1,75;-0,06;No;0,150754;0,000000;0,24;1
MM;241;1;1,86;1,99;0,00;0,30;0;1;0,179621;1,69;1,86;-0,17;No;0,150754;0,000000;0,13;1
CH;242;1;1,86;1,99;0,00;0,30;0;1;0,143697;1,69;1,86;-0,17;No;0,150754;0,000000;0,13;1
MM;243;1;1,86;1,99;0,00;0,80;0;1;0,314957;1,19;1,86;-0,67;No;0,402010;0,000000;0,13;1
MM;244;1;1,86;2,09;0,00;0,00;0;0;0,251966;2,09;1,86;0,23;No;0,000000;0,000000;0,23;1
MM;246;1;1,86;2,09;0,00;0,00;0;0;0,201573;2,09;1,86;0,23;No;0,000000;0,000000;0,23;1
MM;275;1;1,96;2,13;0,00;0,74;0;1;0,161258;1,39;1,96;-0,57;No;0,347418;0,000000;0,17;1
MM;276;1;1,99;2,13;0,00;0,00;0;1;0,129007;2,13;1,99;0,14;No;0,000000;0,000000;0,14;1
MM;277;1;1,99;2,13;0,24;0,00;0;0;0,103205;2,13;1,75;0,38;No;0,000000;0,120603;0,14;1
MM;278;1;1,99;2,13;0,24;0,00;0;0;0,082564;2,13;1,75;0,38;No;0,000000;0,120603;0,14;1
CH;233;7;1,75;1,99;0,00;0,40;1;0;0,400000;1,59;1,75;-0,16;Yes;0,201005;0,000000;0,24;0
CH;254;7;1,86;2,18;0,00;0,00;0;0;0,520000;2,18;1,86;0,32;Yes;0,000000;0,000000;0,32;0
MM;262;1;1,76;1,99;0,00;0,40;0;1;0,616000;1,59;1,76;-0,17;No;0,201005;0,000000;0,23;1
CH;264;7;1,86;2,13;0,37;0,00;1;0;0,492800;2,13;1,49;0,64;Yes;0,000000;0,198925;0,27;0
CH;265;7;1,86;2,13;0,37;0,00;1;0;0,594240;2,13;1,49;0,64;Yes;0,000000;0,198925;0,27;0
CH;269;7;1,86;2,13;0,27;0,00;1;0;0,675392;2,13;1,59;0,54;Yes;0,000000;0,145161;0,27;0
MM;274;1;1,96;2,13;0,00;0,74;0;1;0,740314;1,39;1,96;-0,57;No;0,347418;0,000000;0,17;1
CH;274;7;1,86;2,13;0,47;0,54;1;0;0,592251;1,59;1,39;0,20;Yes;0,253521;0,252688;0,27;0
CH;269;3;1,99;2,09;0,10;0,00;0;0;0,500000;2,09;1,89;0,20;No;0,000000;0,050251;0,10;3
MM;271;3;1,99;2,09;0,10;0,40;1;0;0,600000;1,69;1,89;-0,20;No;0,191388;0,050251;0,10;3
MM;253;7;1,86;2,09;0,10;0,00;0;0;0,500000;2,09;1,76;0,33;Yes;0,000000;0,053763;0,23;0
MM;275;2;1,96;2,18;0,00;0,80;0;1;0,400000;1,38;1,96;-0,58;No;0,366972;0,000000;0,22;2
MM;229;7;1,69;1,69;0,00;0,20;0;1;0,500000;1,49;1,69;-0,20;Yes;0,118343;0,000000;0,00;0
MM;239;4;1,79;2,23;0,00;0,00;0;0;0,400000;2,23;1,79;0,44;No;0,000000;0,000000;0,44;4
MM;243;4;1,99;2,23;0,00;0,00;0;0;0,320000;2,23;1,99;0,24;No;0,000000;0,000000;0,24;4
MM;258;7;1,86;2,18;0,00;0,00;0;0;0,256000;2,18;1,86;0,32;Yes;0,000000;0,000000;0,32;0
CH;229;7;1,69;1,69;0,00;0,20;0;1;0,600000;1,49;1,69;-0,20;Yes;0,118343;0,000000;0,00;0
MM;231;7;1,69;1,99;0,00;0,00;0;0;0,680000;1,99;1,69;0,30;Yes;0,000000;0,000000;0,30;0
CH;254;7;1,86;2,18;0,00;0,00;0;0;0,544000;2,18;1,86;0,32;Yes;0,000000;0,000000;0,32;0
MM;275;7;1,99;2,13;0,00;0,54;1;0;0,635200;1,59;1,99;-0,40;Yes;0,253521;0,000000;0,14;0
MM;228;2;1,69;1,69;0,00;0,00;0;0;0,400000;1,69;1,69;0,00;No;0,000000;0,000000;0,00;2
MM;263;2;1,86;2,18;0,00;0,00;0;1;0,320000;2,18;1,86;0,32;No;0,000000;0,000000;0,32;2
MM;227;3;1,79;1,79;0,00;0,00;0;1;0,163840;1,79;1,79;0,00;No;0,000000;0,000000;0,00;3
MM;235;3;1,79;2,09;0,00;0,00;0;0;0,131072;2,09;1,79;0,30;No;0,000000;0,000000;0,30;3
MM;238;3;1,79;2,09;0,00;0,00;0;0;0,104858;2,09;1,79;0,30;No;0,000000;0,000000;0,30;3
MM;260;3;1,99;2,09;0,00;0,00;0;0;0,083886;2,09;1,99;0,10;No;0,000000;0,000000;0,10;3
CH;272;3;1,99;2,09;0,00;0,40;0;0;0,067109;1,69;1,99;-0,30;No;0,191388;0,000000;0,10;3
MM;272;3;1,99;2,09;0,00;0,40;0;0;0,253687;1,69;1,99;-0,30;No;0,191388;0,000000;0,10;3
CH;229;7;1,69;1,69;0,00;0,20;0;1;0,400000;1,49;1,69;-0,20;Yes;0,118343;0,000000;0,00;0
CH;230;7;1,69;1,99;0,00;0,00;0;1;0,564800;1,99;1,69;0,30;Yes;0,000000;0,000000;0,30;0
CH;231;7;1,69;1,99;0,00;0,00;0;0;0,651840;1,99;1,69;0,30;Yes;0,000000;0,000000;0,30;0
CH;232;7;1,69;1,99;0,00;0,40;1;1;0,721472;1,59;1,69;-0,10;Yes;0,201005;0,000000;0,30;0
CH;233;7;1,75;1,99;0,00;0,40;1;0;0,777178;1,59;1,75;-0,16;Yes;0,201005;0,000000;0,24;0
CH;233;7;1,75;1,99;0,00;0,40;1;0;0,821742;1,59;1,75;-0,16;Yes;0,201005;0,000000;0,24;0
CH;234;1;1,69;1,99;0,00;0,00;0;0;0,857394;1,99;1,69;0,30;No;0,000000;0,000000;0,30;1
CH;235;7;1,75;1,99;0,00;0,40;0;0;0,885915;1,59;1,75;-0,16;Yes;0,201005;0,000000;0,24;0
CH;236;7;1,75;1,99;0,00;0,40;0;0;0,908732;1,59;1,75;-0,16;Yes;0,201005;0,000000;0,24;0
CH;237;7;1,75;1,99;0,00;0,40;0;0;0,926986;1,59;1,75;-0,16;Yes;0,201005;0,000000;0,24;0
CH;240;7;1,86;2,09;0,00;0,00;0;0;0,941588;2,09;1,86;0,23;Yes;0,000000;0,000000;0,23;0
MM;240;7;1,86;2,09;0,00;0,00;0;0;0,953271;2,09;1,86;0,23;Yes;0,000000;0,000000;0,23;0
MM;244;7;1,86;2,09;0,00;0,20;0;0;0,762617;1,89;1,86;0,03;Yes;0,095694;0,000000;0,23;0
CH;252;2;1,89;2,09;0,13;0,00;0;0;0,610093;2,09;1,76;0,33;No;0,000000;0,068783;0,20;2
MM;254;4;1,99;2,29;0,00;0,00;1;0;0,688075;2,29;1,99;0,30;No;0,000000;0,000000;0,30;4
CH;256;2;1,89;2,18;0,13;0,00;0;0;0,550460;2,18;1,76;0,42;No;0,000000;0,068783;0,29;2
CH;258;4;1,99;2,29;0,00;0,00;0;0;0,640368;2,29;1,99;0,30;No;0,000000;0,000000;0,30;4
CH;260;7;1,86;2,13;0,00;0,24;0;0;0,712294;1,89;1,86;0,03;Yes;0,112676;0,000000;0,27;0
CH;260;7;1,86;2,13;0,00;0,24;0;0;0,769835;1,89;1,86;0,03;Yes;0,112676;0,000000;0,27;0
CH;260;1;1,76;1,99;0,00;0,20;0;0;0,815868;1,79;1,76;0,03;No;0,100503;0,000000;0,23;1
CH;263;7;1,86;2,13;0,27;0,00;0;0;0,852695;2,13;1,59;0,54;Yes;0,000000;0,145161;0,27;0
CH;265;7;1,86;2,13;0,37;0,00;1;0;0,882156;2,13;1,49;0,64;Yes;0,000000;0,198925;0,27;0
CH;265;7;1,86;2,13;0,37;0,00;1;0;0,905725;2,13;1,49;0,64;Yes;0,000000;0,198925;0,27;0
CH;269;4;1,99;2,09;0,10;0,00;0;0;0,924580;2,09;1,89;0,20;No;0,000000;0,050251;0,10;4
CH;270;7;1,86;2,13;0,27;0,00;1;0;0,939664;2,13;1,59;0,54;Yes;0,000000;0,145161;0,27;0
CH;272;4;1,99;2,09;0,00;0,40;0;0;0,951731;1,69;1,99;-0,30;No;0,191388;0,000000;0,10;4
CH;277;7;1,99;2,13;0,50;0,00;0;1;0,961385;2,13;1,49;0,64;Yes;0,000000;0,251256;0,14;0
MM;228;1;1,69;1,69;0,00;0,00;0;0;0,500000;1,69;1,69;0,00;No;0,000000;0,000000;0,00;1
MM;228;1;1,69;1,69;0,00;0,00;0;0;0,400000;1,69;1,69;0,00;No;0,000000;0,000000;0,00;1
MM;233;1;1,69;1,99;0,00;0,00;0;0;0,500000;1,99;1,69;0,30;No;0,000000;0,000000;0,30;1
MM;235;1;1,69;1,99;0,00;0,00;0;0;0,400000;1,99;1,69;0,30;No;0,000000;0,000000;0,30;1
CH;237;7;1,75;1,99;0,00;0,40;0;0;0,320000;1,59;1,75;-0,16;Yes;0,201005;0,000000;0,24;0
CH;238;1;1,75;1,99;0,00;0,00;0;0;0,456000;1,99;1,75;0,24;No;0,000000;0,000000;0,24;1
CH;238;1;1,75;1,99;0,00;0,00;0;0;0,564800;1,99;1,75;0,24;No;0,000000;0,000000;0,24;1
CH;239;1;1,75;1,99;0,00;0,30;0;1;0,651840;1,69;1,75;-0,06;No;0,150754;0,000000;0,24;1
CH;240;1;1,75;1,99;0,00;0,30;0;1;0,721472;1,69;1,75;-0,06;No;0,150754;0,000000;0,24;1
CH;241;1;1,86;1,99;0,00;0,30;0;1;0,777178;1,69;1,86;-0,17;No;0,150754;0,000000;0,13;1
CH;252;1;1,76;2,09;0,00;0,00;0;0;0,821742;2,09;1,76;0,33;No;0,000000;0,000000;0,33;1
CH;253;1;1,76;2,09;0,00;0,00;0;0;0,857394;2,09;1,76;0,33;No;0,000000;0,000000;0,33;1
CH;255;1;1,76;2,18;0,00;0,00;0;0;0,885915;2,18;1,76;0,42;No;0,000000;0,000000;0,42;1
CH;256;1;1,76;2,18;0,00;0,00;0;0;0,908732;2,18;1,76;0,42;No;0,000000;0,000000;0,42;1
MM;228;7;1,69;1,69;0,00;0,00;0;0;0,744000;1,69;1,69;0,00;Yes;0,000000;0,000000;0,00;0
CH;230;7;1,69;1,99;0,00;0,00;0;1;0,595200;1,99;1,69;0,30;Yes;0,000000;0,000000;0,30;0
CH;231;7;1,69;1,99;0,00;0,00;0;0;0,676160;1,99;1,69;0,30;Yes;0,000000;0,000000;0,30;0
CH;237;7;1,75;1,99;0,00;0,40;0;0;0,740928;1,59;1,75;-0,16;Yes;0,201005;0,000000;0,24;0
CH;238;7;1,75;1,99;0,00;0,40;0;0;0,792742;1,59;1,75;-0,16;Yes;0,201005;0,000000;0,24;0
CH;243;2;1,86;2,09;0,00;0,00;0;1;0,834194;2,09;1,86;0,23;No;0,000000;0,000000;0,23;2
MM;227;1;1,69;1,69;0,00;0,00;0;0;0,320000;1,69;1,69;0,00;No;0,000000;0,000000;0,00;1
CH;228;7;1,69;1,69;0,00;0,00;0;0;0,256000;1,69;1,69;0,00;Yes;0,000000;0,000000;0,00;0
CH;232;1;1,69;1,99;0,00;0,00;1;0;0,404800;1,99;1,69;0,30;No;0,000000;0,000000;0,30;1
CH;233;7;1,75;1,99;0,00;0,40;1;0;0,523840;1,59;1,75;-0,16;Yes;0,201005;0,000000;0,24;0
CH;235;1;1,69;1,99;0,00;0,00;0;0;0,619072;1,99;1,69;0,30;No;0,000000;0,000000;0,30;1
MM;236;1;1,75;1,99;0,00;0,00;0;0;0,695258;1,99;1,75;0,24;No;0,000000;0,000000;0,24;1
MM;242;1;1,86;1,99;0,00;0,30;0;1;0,556206;1,69;1,86;-0,17;No;0,150754;0,000000;0,13;1
MM;245;7;1,86;2,09;0,00;0,20;0;0;0,444965;1,89;1,86;0,03;Yes;0,095694;0,000000;0,23;0
CH;251;1;1,76;2,09;0,00;0,00;0;0;0,355972;2,09;1,76;0,33;No;0,000000;0,000000;0,33;1
CH;251;7;1,86;2,09;0,10;0,00;0;0;0,484778;2,09;1,76;0,33;Yes;0,000000;0,053763;0,23;0
CH;252;7;1,86;2,09;0,10;0,00;0;0;0,587822;2,09;1,76;0,33;Yes;0,000000;0,053763;0,23;0
CH;256;7;1,86;2,18;0,00;0,00;0;0;0,670258;2,18;1,86;0,32;Yes;0,000000;0,000000;0,32;0
MM;257;7;1,86;2,18;0,00;0,00;0;0;0,736206;2,18;1,86;0,32;Yes;0,000000;0,000000;0,32;0
CH;261;7;1,86;2,13;0,00;0,24;0;0;0,588965;1,89;1,86;0,03;Yes;0,112676;0,000000;0,27;0
CH;270;1;1,86;2,18;0,00;0,00;0;0;0,671172;2,18;1,86;0,32;No;0,000000;0,000000;0,32;1
