Y,X,B,Y_true
-3.173561486752405,-4.993878442328423,0,-2.4969392211642116
-3.960925599021657,-4.991369142662734,0,-2.495684571331367
-3.21841265346867,-4.978532881941646,0,-2.489266440970823
-2.6594125002794384,-4.9685453763231635,0,-2.4842726881615818
-3.3131088293580992,-4.9671766883693635,0,-2.4835883441846818
-2.536888029391492,-4.946371968835592,0,-2.473185984417796
-3.778391842406113,-4.905042436439544,0,-2.452521218219772
-2.3269749443750407,-4.904740306083113,0,-2.4523701530415565
-2.3221934984755315,-4.897218532860279,0,-2.4486092664301395
-2.936979734996866,-4.879019365180284,0,-2.439509682590142
-2.110622809241727,-4.877889738418162,0,-2.438944869209081
-3.0681677667382483,-4.862500608433038,0,-2.431250304216519
-2.6310625424120384,-4.853727442678064,0,-2.426863721339032
-2.360402707599782,-4.84039370669052,0,-2.42019685334526
-1.8668956102255496,-4.811562527902424,0,-2.405781263951212
-2.7394012347315426,-4.777931768912822,0,-2.388965884456411
-2.3509208598599565,-4.743072343990207,0,-2.3715361719951034
-2.22992836314748,-4.732831045985222,0,-2.366415522992611
-2.6261099047327283,-4.7236673859879375,0,-2.3618336929939687
-2.585119187728484,-4.721443434245884,0,-2.360721717122942
-2.317005445676918,-4.704431863501668,0,-2.352215931750834
-2.493264088755204,-4.686078769154847,0,-2.3430393845774233
-2.9247013567896314,-4.666933785192668,0,-2.333466892596334
-1.6286557567083468,-4.663907003123313,0,-2.3319535015616566
-2.6600372165633432,-4.6579036745242774,0,-2.3289518372621387
-2.0489102422193164,-4.645432729739696,0,-2.322716364869848
-2.190037356352535,-4.613573474343866,0,-2.306786737171933
-2.351295750000151,-4.613212971016765,0,-2.3066064855083823
-2.518627522413564,-4.610712595749646,0,-2.305356297874823
-2.565475436656275,-4.601919511333108,0,-2.300959755666554
-3.0445759598635878,-4.6017456240952015,0,-2.3008728120476007
-2.2926988485424076,-4.600040819495916,0,-2.300020409747958
-1.472913900955593,-4.581427248194814,0,-2.290713624097407
-2.214175082319816,-4.550104020163417,0,-2.2750520100817084
-2.0624280247599893,-4.54229736700654,0,-2.27114868350327
-2.6113582197708816,-4.506845485884696,0,-2.253422742942348
-2.5098925262333567,-4.505388543475419,0,-2.2526942717377096
-1.8949406733028835,-4.504050917457789,0,-2.2520254587288946
-1.9756327498377366,-4.501121556386352,0,-2.250560778193176
-1.756280814397257,-4.498600899241865,0,-2.2493004496209323
-2.7141638607665954,-4.483533806633204,0,-2.241766903316602
-2.923733753772006,-4.4598169275559485,0,-2.2299084637779742
-2.5275845720980152,-4.437553395982832,0,-2.218776697991416
-2.634390162904509,-4.43106331396848,0,-2.21553165698424
-2.391443907298383,-4.405878726392984,0,-2.202939363196492
-2.0934672238144985,-4.397715865634382,0,-2.198857932817191
-2.404044225125587,-4.348967557307333,0,-2.1744837786536664
-2.00823179966386,-4.343874165788293,0,-2.1719370828941464
-1.4659653561035872,-4.299475026782602,0,-2.149737513391301
-2.4622674872557977,-4.27283906377852,0,-2.13641953188926
-2.0741191396683263,-4.262201199308038,0,-2.131100599654019
-2.3927070990714188,-4.261190739925951,0,-2.1305953699629754
-1.6426716430469148,-4.2391667678020895,0,-2.1195833839010447
-1.632434987814779,-4.21869661193341,0,-2.109348305966705
-1.9754699503172228,-4.178419343661517,0,-2.0892096718307585
-2.1810700259506315,-4.1604498121887445,0,-2.0802249060943723
-1.902578786857588,-4.150152623187751,0,-2.0750763115938753
-1.6938871709171632,-4.117255799937993,0,-2.0586278999689966
-2.7156424153743974,-4.115091436542571,0,-2.0575457182712853
-1.018952848602799,-4.100386670324951,0,-2.0501933351624757
-2.8246096857901435,-4.073169070761651,0,-2.0365845353808254
-1.552733876968559,-4.012068142183125,0,-2.0060340710915625
-2.2877668091467953,-4.007502940949053,0,-2.0037514704745263
-2.044589406991908,-4.005915615707636,0,-2.002957807853818
-1.8489787492519756,-3.99294538423419,0,-1.996472692117095
-3.360994965082951,-3.9923095889389515,0,-1.9961547944694757
-1.3917493507293808,-3.991983577143401,0,-1.9959917885717005
-1.3258848143578716,-3.989737688098103,0,-1.9948688440490514
-2.598385320558001,-3.9475693576969206,0,-1.9737846788484603
-2.1195203687526654,-3.9471249748021364,0,-1.9735624874010682
-1.2268184743862682,-3.9330318197607994,0,-1.9665159098803997
-2.0221427491286765,-3.921573213301599,0,-1.9607866066507995
-2.0888902767632223,-3.8972298288717866,0,-1.9486149144358933
-1.6388186070917756,-3.895057358313352,0,-1.947528679156676
-1.8653373993513058,-3.8629658869467676,0,-1.9314829434733838
-1.6337700950629528,-3.8484632619656622,0,-1.9242316309828311
-2.3652555762713217,-3.8457220373675227,0,-1.9228610186837614
-2.2636568777348245,-3.8386422558687627,0,-1.9193211279343814
-1.8911011147438477,-3.8357274793088436,0,-1.9178637396544218
-2.5051041131554275,-3.8308428530581295,0,-1.9154214265290648
-2.0933188652638313,-3.825370587874204,0,-1.912685293937102
-1.6898970669612823,-3.800099983345717,0,-1.9000499916728586
-1.2648148659719238,-3.7939109560102224,0,-1.8969554780051112
-1.1887161947827602,-3.7851981283165514,0,-1.8925990641582757
-1.5538968520215564,-3.7818223726935685,0,-1.8909111863467842
-2.3787377393096913,-3.7777791102416813,0,-1.8888895551208407
-2.761277673170255,-3.7652891222387552,0,-1.8826445611193776
-1.6169158240666315,-3.7256660195998847,0,-1.8628330097999424
-1.3883219647290495,-3.7209987407550216,0,-1.8604993703775108
-1.0683131293320538,-3.7185694882646203,0,-1.8592847441323102
-1.7132896359609542,-3.7173021165654063,0,-1.8586510582827032
-2.693799242621138,-3.700378604698926,0,-1.850189302349463
-1.9651685183299412,-3.6944316886365414,0,-1.8472158443182707
-2.2856487345015997,-3.6838586581870914,0,-1.8419293290935457
-1.6510003541397928,-3.674566822592169,0,-1.8372834112960845
-2.309056704873937,-3.6645033140666783,0,-1.8322516570333391
-2.4145578214519756,-3.662611013278365,0,-1.8313055066391826
-2.464389321073116,-3.6592180491425097,0,-1.8296090245712548
-1.6145710699838602,-3.6384800681844354,0,-1.8192400340922177
-2.4873969156388624,-3.5938092949800193,0,-1.7969046474900097
-2.2323018301738875,-3.5792644694447517,0,-1.7896322347223759
-2.3877561821464615,-3.573846567887813,0,-1.7869232839439064
-2.255706931444883,-3.539172096643597,0,-1.7695860483217984
-1.364072815613945,-3.47001041052863,0,-1.735005205264315
-1.3299412768414605,-3.4674623305909336,0,-1.7337311652954668
-1.121320785662553,-3.4493803046643734,0,-1.7246901523321867
-1.4882636333689612,-3.4418839309364557,0,-1.7209419654682279
-1.7620358877622844,-3.4294374170713127,0,-1.7147187085356563
-1.4353534276884257,-3.409539971034974,0,-1.704769985517487
-1.3508690883998098,-3.3997133700177073,0,-1.6998566850088537
-2.338157786200809,-3.349051910918206,0,-1.674525955459103
-2.195371207077082,-3.336062196176499,0,-1.6680310980882496
-1.1498244000918865,-3.3295369311235845,0,-1.6647684655617923
-2.0637408615063566,-3.29775562742725,0,-1.648877813713625
-2.261239783141961,-3.296252666041255,0,-1.6481263330206275
-1.8483191138574857,-3.258118445519358,0,-1.629059222759679
-1.9990894947793192,-3.2535017607733607,0,-1.6267508803866804
-1.6622600502442992,-3.247199235484004,0,-1.623599617742002
-1.6319925027601865,-3.1890379171818495,0,-1.5945189585909247
-0.9975107437959587,-3.149442768190056,0,-1.574721384095028
-1.6728110647638044,-3.1366309570148587,0,-1.5683154785074294
-1.015153731332879,-3.1327721034176648,0,-1.5663860517088324
-1.4140101896821036,-3.1307980744168162,0,-1.5653990372084081
-1.0670931897865614,-3.126748006325215,0,-1.5633740031626076
-1.7831377639948227,-3.121239512693137,0,-1.5606197563465685
-0.7503851401500718,-3.1130120740272105,0,-1.5565060370136052
-1.592529822370202,-3.100490579381585,0,-1.5502452896907926
-2.4728494053987053,-3.093741964548826,0,-1.546870982274413
-1.1994323471572175,-3.077906605321914,0,-1.538953302660957
-2.350932626775096,-3.073945364449173,0,-1.5369726822245866
-1.9168061564593237,-3.0672776978462934,0,-1.5336388489231467
-1.1850869123265684,-3.050984649453312,0,-1.525492324726656
-0.6205955264737711,-3.0382534814998507,0,-1.5191267407499254
-1.5209181537967498,-3.033322859555483,0,-1.5166614297777414
-1.8585914403623693,-3.015999929048121,0,-1.5079999645240605
-2.0690166937012826,-3.0136937694624066,0,-1.5068468847312033
-2.012300029963,-3.0006672721356153,0,-1.5003336360678077
-2.0563199146408175,-2.9930043569765985,0,-1.4965021784882993
-1.8047173579525395,-2.9886736813932657,0,-1.4943368406966329
-1.6361127459110911,-2.987519623711705,0,-1.4937598118558526
-1.515332498416855,-2.9610024695284665,0,-1.4805012347642332
-0.9302916346676333,-2.958036835771054,0,-1.479018417885527
-1.5314979513742788,-2.955975546501577,0,-1.4779877732507885
-2.0158277180618245,-2.9401350021362305,0,-1.4700675010681152
-1.4371404493840334,-2.932592951692641,0,-1.4662964758463204
-2.0278437386974035,-2.9144083498977125,0,-1.4572041749488562
-1.0877830854258768,-2.912092942278832,0,-1.456046471139416
-1.7548299582239897,-2.877590721473098,0,-1.438795360736549
-1.9761294863917258,-2.851329781115055,0,-1.4256648905575275
-1.5951371191944823,-2.841413328424096,0,-1.420706664212048
-1.697312870385219,-2.8409674880094826,0,-1.4204837440047413
-1.92525500228364,-2.8341396851465106,0,-1.4170698425732553
-1.3279296166809602,-2.8286528517492115,0,-1.4143264258746058
-1.864246862822223,-2.8120045899413526,0,-1.4060022949706763
-0.5645536407986137,-2.803433791268617,0,-1.4017168956343085
-1.2319609786544827,-2.776438230648637,0,-1.3882191153243184
-1.293019083402963,-2.765521821565926,0,-1.382760910782963
-1.5812988460712674,-2.7515423600561917,0,-1.3757711800280958
-1.5304720750879715,-2.7140030497685075,0,-1.3570015248842537
-1.0744979376391954,-2.6777408947236836,0,-1.3388704473618418
-1.627538555970323,-2.674494939856231,0,-1.3372474699281156
-0.15914287000692395,-2.664251404348761,0,-1.3321257021743804
-1.226254796952073,-2.6533873844891787,0,-1.3266936922445893
-1.5047970802642783,-2.6318233995698392,0,-1.3159116997849196
-1.293298088875454,-2.609742733184248,0,-1.304871366592124
-1.5258658903194093,-2.6091322698630393,0,-1.3045661349315196
-1.9861707329396359,-2.5833923812024295,0,-1.2916961906012148
-0.4708070299153162,-2.568905397783965,0,-1.2844526988919824
-1.1973248700186192,-2.5607117265462875,0,-1.2803558632731438
-0.5081533580997211,-2.5559699535369873,0,-1.2779849767684937
-1.1874209584581776,-2.5311354594305158,0,-1.2655677297152579
-1.2053374266026335,-2.52226673765108,0,-1.26113336882554
-2.117277370580245,-2.5087587791495025,0,-1.2543793895747513
-1.8546404321024927,-2.484542988240719,0,-1.2422714941203594
-0.7867225876901072,-2.4747499777004123,0,-1.2373749888502061
-0.647607091848835,-2.4529931438155472,0,-1.2264965719077736
-0.9288506422019693,-2.4251341982744634,0,-1.2125670991372317
-0.7978087692009459,-2.418533517047763,0,-1.2092667585238814
-1.5973260154498918,-2.418447195086628,0,-1.209223597543314
-0.9145613184662273,-2.418399357702583,0,-1.2091996788512915
-1.4249573329230876,-2.412219699472189,0,-1.2061098497360945
-1.5600364958397392,-2.411901813466102,0,-1.205950906733051
-0.6665985004884666,-2.3764431779272854,0,-1.1882215889636427
-1.3705406095470742,-2.361135263927281,0,-1.1805676319636405
-0.29071312150924533,-2.348869713023305,0,-1.1744348565116525
-0.4424251180728568,-2.34813328133896,0,-1.17406664066948
-0.921157269168742,-2.3331554559990764,0,-1.1665777279995382
-1.5565722421431374,-2.331792199984193,0,-1.1658960999920964
-2.1441881810624603,-2.3254676489159465,0,-1.1627338244579732
-1.1742552406698779,-2.315802304074168,0,-1.157901152037084
-0.9195030472832385,-2.2841744543984532,0,-1.1420872271992266
-2.469908786671339,-2.2784715984016657,0,-1.1392357992008328
-1.3164436443802052,-2.2779279435053468,0,-1.1389639717526734
-1.1717485191579695,-2.243986972607672,0,-1.121993486303836
0.01547519928136687,-2.2084377706050873,0,-1.1042188853025436
-0.6042314482159156,-2.2045729123055935,0,-1.1022864561527967
-0.5691760544868273,-2.1974222385324538,0,-1.0987111192662269
-2.1097730969523507,-2.1962485485710204,0,-1.0981242742855102
-1.7252181058135767,-2.192273761611432,0,-1.096136880805716
-0.14333569418460246,-2.1902818558737636,0,-1.0951409279368818
-0.9284500700407059,-2.1726641640998423,0,-1.0863320820499212
-0.5903123019185228,-2.1654045721516013,0,-1.0827022860758007
-1.357217097717057,-2.1534690749831498,0,-1.0767345374915749
-2.7669153439503926,-2.137767153326422,0,-1.068883576663211
-0.2814848522430843,-2.1280998387373984,0,-1.0640499193686992
-1.329793585339189,-2.1246235840953887,0,-1.0623117920476943
-1.0353499931802577,-2.1072833077050745,0,-1.0536416538525373
-0.935635905139516,-2.076841597445309,0,-1.0384207987226546
-0.9848554583030075,-2.065035852137953,0,-1.0325179260689765
-0.826217429857772,-2.0473590795882046,0,-1.0236795397941023
-0.5546840151243044,-1.9980094605125487,0,-0.9990047302562743
-0.8197851455851379,-1.9835913786664605,0,-0.9917956893332303
-0.6542878591142536,-1.9802979147061706,0,-0.9901489573530853
-0.7579833934235352,-1.9730662927031517,0,-0.9865331463515759
-1.4061803408357907,-1.9702233164571226,0,-0.9851116582285613
-0.8997921025364253,-1.9697820232249796,0,-0.9848910116124898
-1.5373902335292113,-1.9532779697328806,0,-0.9766389848664403
-1.3221118688573394,-1.9484523311257362,0,-0.9742261655628681
-0.5410572649394244,-1.9453171454370022,0,-0.9726585727185011
-1.5560415213945258,-1.9302794104442,0,-0.9651397052221
-0.8874772893120304,-1.9300078134983778,0,-0.9650039067491889
-0.723445217615314,-1.9278164999559522,0,-0.9639082499779761
-0.7243539833340992,-1.9233425939455628,0,-0.9616712969727814
-1.933792787227123,-1.9197915028780699,0,-0.9598957514390349
-1.0280399659178252,-1.9190524285659194,0,-0.9595262142829597
-1.1599729143146424,-1.9097463157959282,0,-0.9548731578979641
-1.2350835761916799,-1.9035256863571703,0,-0.9517628431785852
-0.158987408682161,-1.9031339813955128,0,-0.9515669906977564
-0.895475892848334,-1.8990583484992385,0,-0.9495291742496192
-1.9455788778240333,-1.8956956081092358,0,-0.9478478040546179
-0.8304586195270351,-1.8912922032177448,0,-0.9456461016088724
-0.6260110591257766,-1.887392841745168,0,-0.943696420872584
-1.2429129260313496,-1.8817569292150438,0,-0.9408784646075219
-0.5222405240938852,-1.8338754517026246,0,-0.9169377258513123
-0.5510436750207098,-1.828178446739912,0,-0.914089223369956
-1.9937653938344237,-1.825061785057187,0,-0.9125308925285935
-0.016467004050002343,-1.815541903488338,0,-0.907770951744169
-1.122155795919992,-1.8142361426725984,0,-0.9071180713362992
-1.1003659625535707,-1.7935557779856026,0,-0.8967778889928013
-0.6309449446858577,-1.7561397259123623,0,-0.8780698629561812
-1.157454710881216,-1.7472169664688408,0,-0.8736084832344204
-1.2450460332716053,-1.74318075645715,0,-0.871590378228575
-1.3114759957525202,-1.7254796321503818,0,-0.8627398160751909
-0.17607278338934818,-1.7203356442041695,0,-0.8601678221020848
-0.802606702620674,-1.7028485494665802,0,-0.8514242747332901
-0.7798344746718426,-1.702298242598772,0,-0.851149121299386
-1.0302989163987297,-1.679190630093217,0,-0.8395953150466084
-1.250410724301766,-1.6515526524744928,0,-0.8257763262372464
-1.039758913443867,-1.6338598099537194,0,-0.8169299049768597
-1.6597753980994499,-1.6284675686620176,0,-0.8142337843310088
-0.830946693810029,-1.6219537099823356,0,-0.8109768549911678
0.09945946416879858,-1.6120418021455407,0,-0.8060209010727704
-0.3380873508439348,-1.6071661678142846,0,-0.8035830839071423
-0.7301200976157429,-1.606621677055955,0,-0.8033108385279775
-0.4625574099750601,-1.5642729797400534,0,-0.7821364898700267
-0.7416708669637282,-1.5640421211719513,0,-0.7820210605859756
-1.048652043546502,-1.5550836268812418,0,-0.7775418134406209
-0.8794818836015292,-1.5536267799325287,0,-0.7768133899662644
-1.1833635915578207,-1.551694532390684,0,-0.775847266195342
-0.007412638318690323,-1.5177869377657771,0,-0.7588934688828886
-0.6398028046473526,-1.4700149791315198,0,-0.7350074895657599
-0.25826573575191625,-1.4449408673681319,0,-0.7224704336840659
-0.7020026710427517,-1.4371306146495044,0,-0.7185653073247522
-1.210076724498975,-1.4307981193996966,0,-0.7153990596998483
-0.0604691823952358,-1.4301292249001563,0,-0.7150646124500781
-1.287817636825755,-1.4276233618147671,0,-0.7138116809073836
0.11868328846141918,-1.4166708895936608,0,-0.7083354447968304
-0.715930516302357,-1.3640907709486783,0,-0.6820453854743391
-0.4971917491277603,-1.3360037235543132,0,-0.6680018617771566
-0.4366467526457244,-1.3281956035643816,0,-0.6640978017821908
-0.5587745737412577,-1.3082404714077711,0,-0.6541202357038856
0.1696619509006393,-1.303035137243569,0,-0.6515175686217844
-1.15664725660152,-1.2773429811932147,0,-0.6386714905966073
-0.09795622443126517,-1.2717985501512885,0,-0.6358992750756443
0.09564796818123078,-1.2583414278924465,0,-0.6291707139462233
0.19567061208811465,-1.2440062337554991,0,-0.6220031168777496
-0.5687500912975831,-1.2404365744441748,0,-0.6202182872220874
-0.4791557209583956,-1.2133151874877512,0,-0.6066575937438756
-0.2515298404080131,-1.1971070594154298,0,-0.5985535297077149
-0.7614061559515076,-1.196698835119605,0,-0.5983494175598025
0.12703576013745488,-1.1573331244289875,0,-0.5786665622144938
0.30797803480273644,-1.1394934402778745,0,-0.5697467201389372
-0.9385364691515439,-1.1303731333464384,0,-0.5651865666732192
0.4135174654689502,-1.1081323330290616,0,-0.5540661665145308
-0.9539200632753211,-1.105002153199166,0,-0.552501076599583
-0.4421959723843709,-1.0822825436480343,0,-0.5411412718240172
-0.747232372655744,-1.0687916120514274,0,-0.5343958060257137
-0.538787314877796,-1.064504967071116,0,-0.532252483535558
-0.3836129497723342,-1.0503466962836683,0,-0.5251733481418341
-0.5740016079118728,-1.0490300110541284,0,-0.5245150055270642
-0.6656965178521942,-1.0281468974426389,0,-0.5140734487213194
-1.417630106070257,-1.0059004998765886,0,-0.5029502499382943
-0.5332416514066337,-0.9706722036935389,0,-0.48533610184676945
-0.30325660899050366,-0.9582674875855446,0,-0.4791337437927723
-0.4605308352191568,-0.9431019891053438,0,-0.4715509945526719
-1.423021997500736,-0.9274857956916094,0,-0.4637428978458047
-0.335130107276406,-0.9240770060569048,0,-0.4620385030284524
-0.17311231341216043,-0.9158559935167432,0,-0.4579279967583716
-0.6341787858007454,-0.894707243423909,0,-0.4473536217119545
-0.06453460717189335,-0.8942028204910457,0,-0.44710141024552286
-0.4307387009977623,-0.8809235785156488,0,-0.4404617892578244
-1.0175777453847368,-0.8649532264098525,0,-0.43247661320492625
-0.1787847699924241,-0.8477762085385621,0,-0.42388810426928103
-0.47641088373096707,-0.8408679836429656,0,-0.4204339918214828
-1.0682859379367213,-0.8337127673439682,0,-0.4168563836719841
-0.11276460022548418,-0.8308197162114084,0,-0.4154098581057042
-0.8228528450569835,-0.7971958816051483,0,-0.39859794080257416
-0.34632853761411014,-0.786403096280992,0,-0.393201548140496
-0.6404894444763951,-0.7766932458616793,0,-0.38834662293083966
-0.207513200585532,-0.7695300620980561,0,-0.38476503104902804
-0.9446878865545276,-0.7596979197114706,0,-0.3798489598557353
-0.6326549995894526,-0.758908218704164,0,-0.379454109352082
-0.3954101780717015,-0.7415992417372763,0,-0.37079962086863816
-0.06433855525381826,-0.7302423357032239,0,-0.36512116785161197
0.34960575947362427,-0.7262091711163521,0,-0.36310458555817604
-0.6929016240415156,-0.71199408499524,0,-0.35599704249762
0.13127251921784244,-0.7074791542254388,0,-0.3537395771127194
-0.9495481110143983,-0.7055603712797165,0,-0.35278018563985825
0.30682069360889197,-0.689836295787245,0,-0.3449181478936225
-0.6069512166645522,-0.6762436521239579,0,-0.33812182606197894
-0.0795214878617495,-0.6749260262586176,0,-0.3374630131293088
-0.11248975381834048,-0.6446894025430083,0,-0.32234470127150416
-0.7288880395006365,-0.6095794821158051,0,-0.3047897410579026
-0.5850931032543152,-0.6050907960161567,0,-0.30254539800807834
-0.4123355579834005,-0.6030263332650065,0,-0.30151316663250327
-0.4094539421278304,-0.594415778759867,0,-0.2972078893799335
-0.4261741360367439,-0.5596613697707653,0,-0.27983068488538265
-0.36537992031689104,-0.49847065238282084,0,-0.24923532619141042
-0.28569153127261315,-0.475166286341846,0,-0.237583143170923
0.555497548377339,-0.44809863436967134,0,-0.22404931718483567
-0.14282021944245227,-0.4390851757489145,0,-0.21954258787445724
0.056046125407140435,-0.4317337181419134,0,-0.2158668590709567
-0.3485837998502487,-0.39744710782542825,0,-0.19872355391271412
0.09161030170580364,-0.3505120310001075,0,-0.17525601550005376
-0.44844396042488743,-0.34006831469014287,0,-0.17003415734507143
-0.9240028135420689,-0.32838811399415135,0,-0.16419405699707568
-0.6893134943758775,-0.32207666663452983,0,-0.16103833331726491
-0.8772792839885005,-0.28090278850868344,0,-0.14045139425434172
-0.7188575231924641,-0.27383264619857073,0,-0.13691632309928536
0.41394823987827456,-0.22966960677877069,0,-0.11483480338938534
0.08611771455570141,-0.21541547030210495,0,-0.10770773515105247
0.19125514292211376,-0.21197314141318202,0,-0.10598657070659101
0.36264724895751815,-0.2105985744856298,0,-0.1052992872428149
0.3597450428134028,-0.20777531433850527,0,-0.10388765716925263
0.12054490509131008,-0.1862505148164928,0,-0.0931252574082464
-0.5691949392429543,-0.18471816554665565,0,-0.09235908277332783
0.07096291497829282,-0.15954090980812907,0,-0.07977045490406454
-0.985521009096702,-0.15878378646448255,0,-0.07939189323224127
-0.260453871681808,-0.1581340003758669,0,-0.07906700018793344
-0.12808686597829635,-0.15008760849013925,0,-0.07504380424506962
0.7947158352873487,-0.13864592416211963,0,-0.06932296208105981
-0.2499137076204304,-0.13265824411064386,0,-0.06632912205532193
-0.3002256816923966,-0.13171152444556355,0,-0.06585576222278178
-0.005690918398252698,-0.12110787676647305,0,-0.06055393838323653
0.014181030568987507,-0.10481556644663215,0,-0.05240778322331607
-0.9896424506330621,-0.06039076950401068,0,-0.03019538475200534
-0.02184462315144775,-0.055614381562918425,0,-0.027807190781459212
-0.06977913041973344,-0.030338268261402845,0,-0.015169134130701423
0.4672167288317238,-0.02461774041876197,0,-0.012308870209380984
-0.021283101773321877,-0.020880799274891615,0,-0.010440399637445807
0.15447128479226238,-0.0045361462980508804,0,-0.0022680731490254402
1.224806218326722,0.017915607895702124,1,1.5089096585969102
0.8914974088604203,0.019974729511886835,1,1.5099275162830825
1.0779109538857,0.027498225681483746,1,1.5136356899783974
1.870980020831733,0.032551707699894905,1,1.5161169117988205
0.9079845483562243,0.03933488158509135,1,1.5194353558561486
0.8954200613324191,0.04545912146568298,1,1.5224195809741767
1.2068021081130622,0.06358550162985921,1,1.5311862834123016
1.2768394535839152,0.07306870073080063,1,1.5357334951114272
1.6275146563803335,0.0854756566695869,1,1.5416419151523288
2.06611627781579,0.08696324657648802,1,1.5423472323499756
1.935758729590185,0.08920615306124091,1,1.5434094158690226
1.49030893387608,0.09144904790446162,1,1.5444700846978359
1.6191041527957841,0.09424779564142227,1,1.545791500773221
0.37579192048181587,0.09648928185924888,1,1.5468481137025674
2.260952241725358,0.1158358110114932,1,1.555905215238843
1.7857824067958656,0.11774198850616813,1,1.556791517874476
1.18704604162887,0.11992958607152104,1,1.5578073271934676
1.6568544927669837,0.12042609276250005,1,1.5580376798085436
1.4320940701603908,0.13028715969994664,1,1.5625973682525713
1.987273971254889,0.14251141343265772,1,1.5682092812725428
1.1963264008917736,0.1427321252413094,1,1.5683101936842696
1.2926460607739314,0.16945270588621497,1,1.5804192200132834
1.5692235993065538,0.1724649383686483,1,1.581770845939349
1.7717595514401419,0.19189980812370777,1,1.5904260736081666
0.8846436226956116,0.20051164785400033,1,1.5942250857882312
1.3563850757327442,0.23577779298648238,1,1.6095502213434048
1.6366587093000426,0.2569754677824676,1,1.618582275234931
1.1143015813367598,0.26308492524549365,1,1.6211604109390327
1.851984761945604,0.28359377989545465,1,1.6297330751484185
2.5055323210392544,0.31905087176710367,1,1.6442564170672496
1.5707842761856021,0.3649563528597355,1,1.6624992055059657
2.085159543529101,0.3888276359066367,1,1.6717357783866067
1.239627265024474,0.40035196114331484,1,1.6761337266529628
2.31662705369766,0.4111918993294239,1,1.680234132953591
1.6175913678810212,0.4426975501701236,1,1.6919516069460674
1.591516201718584,0.44756576186046004,1,1.6937356142517699
2.185785861769461,0.44974835589528084,1,1.6945331404030641
0.843687188355506,0.45306423446163535,1,1.6957420371485714
1.7650591738394612,0.46508695697411895,1,1.7000975968549425
1.3332150414507673,0.484554476570338,1,1.7070582821705158
2.1124547011804573,0.510972507763654,1,1.7163223183282854
1.4569647931884453,0.5333359073847532,1,1.7240008751764888
1.9488959163376705,0.5512663093395531,1,1.7300489730978488
1.1626543019548705,0.5526805086992681,1,1.7305218926452217
1.7689687578063662,0.5690709711052477,1,1.7359592200294234
2.4264209619162567,0.5794129823334515,1,1.7393485805522442
1.4092823610750653,0.6005962565541267,1,1.746190748769039
1.8290109773067535,0.6042112014256418,1,1.7473449243235883
1.124119534859439,0.6054363353177905,1,1.7477351942404398
1.178250306588874,0.6088725384324789,1,1.748827404007658
2.1341326880353995,0.6301800790242851,1,1.7555209997122845
2.485850761314059,0.6308134645223618,1,1.755717888207775
1.1165000833555248,0.6456983997486532,1,1.760310236358631
1.242944501952488,0.6460484582930803,1,1.7604174375771102
1.509840394050109,0.6507611204870045,1,1.761857054852877
2.413816634887956,0.6596681731753051,1,1.7645597717825858
1.464544588585942,0.6631075707264245,1,1.7655970378100072
1.584465929293954,0.6678128126077354,1,1.7670103134014095
2.321019273198727,0.6695889541879296,1,1.767542071958392
2.2738270920705976,0.6711207097396255,1,1.7679999038135998
2.047966508552204,0.6831565755419433,1,1.7715728517650424
1.6484158324324882,0.7220477261580527,1,1.7828209252515241
1.6785490555971387,0.7269809674471617,1,1.7842152846690191
1.7458206085244008,0.735870199277997,1,1.7867093571111827
2.1022957135289957,0.7397056347690523,1,1.7877781534681632
1.340135246152769,0.7431294466368854,1,1.7887285171496161
1.6547024375949906,0.7587778079323471,1,1.7930273396945808
1.457355694702108,0.7681273552589118,1,1.7955607325448983
0.8903471016119479,0.8427151734940708,1,1.8148322572014641
2.0393634323275767,0.8951654355041683,1,1.827384544213879
3.007616613874667,0.900904533918947,1,1.8287079200741163
2.3656872544934933,0.9197632852010429,1,1.8329869674799493
2.352167206586747,0.9244454908184707,1,1.8340328255850449
2.3650206173836503,0.9290389902889729,1,1.8350524783229134
1.0823955657119964,0.9591102646663785,1,1.8415712573649277
1.7331160417339382,0.9625786333344877,1,1.8423056728644303
1.4022017956875361,0.9662376111373305,1,1.843076537392209
1.839097317678384,0.9774328372441232,1,1.845410175923597
1.8898932541482054,0.986387284938246,1,1.8472496610859463
2.1995661434707254,0.9905187017284334,1,1.8480902560931496
2.1734024287185063,0.9934460651129484,1,1.8486827699132142
1.87788701141326,0.9976934920996428,1,1.8495379004231243
0.41924721173725543,1.0071414010599256,1,1.8514206302706202
2.38585129427243,1.0182294086553156,1,1.8535960350300749
2.2110407595523434,1.01897545857355,1,1.8537410815104987
1.4262309321333824,1.042503819335252,1,1.8582297776683379
1.9914804891050457,1.0566723556257784,1,1.8608527077413295
1.5604749865411298,1.0656297695823014,1,1.8624798639181463
2.3333744917649057,1.073635471984744,1,1.8639137669867865
1.2601652751562766,1.0868502664379776,1,1.8662386079705433
1.5278798350765606,1.0927473288029432,1,1.8672591557105764
2.808032799460611,1.1130827036686242,1,1.870698386053374
1.9233922776415369,1.1232476658187807,1,1.8723710350942895
2.2075540163275136,1.132155319210142,1,1.8738113095826983
1.4248525910942806,1.1503638164140284,1,1.876681371689817
2.3511089803820497,1.1606061412021518,1,1.8782520783516534
1.7886977826067676,1.2069789017550647,1,1.884969740485253
2.1652530329527937,1.2181919813156128,1,1.8864972351565577
1.7493774844502679,1.2229940481483936,1,1.8871398578032375
2.135435034248327,1.2235852656885982,1,1.8872184974827635
2.1389778748445494,1.2337944167666137,1,1.8885599089566365
2.1240676802445964,1.2462450005114079,1,1.890153510060752
1.3743768814873838,1.2515659583732486,1,1.890820376962812
1.9849561788839865,1.2519597448408604,1,1.8908693920151314
2.093877160099725,1.2519749673083425,1,1.8908712858391625
1.7165920091539728,1.2528743827715516,1,1.8909830585349963
2.6269913424537727,1.27477684058249,1,1.8936300212984238
1.6815237368334195,1.293535225559026,1,1.895782605815207
1.4039488791940324,1.3043926376849413,1,1.896980295855469
2.41742660943851,1.3174281595274806,1,1.8983715364363456
1.749101611890653,1.3244244875386357,1,1.8990972102905213
2.1935960883449854,1.325429689604789,1,1.8992002654895175
1.1372037216360367,1.3409936823882163,1,1.900757232763342
1.5968632653148658,1.3591166445985436,1,1.9024786142555512
2.120927047122922,1.372982596512884,1,1.903729116707353
1.9323348053242586,1.3819020218215883,1,1.904503031223605
2.2878951532598992,1.3869331637397408,1,1.9049290417677014
2.6001588203544226,1.389113136101514,1,1.9051112723172894
2.0549359132444,1.3918556878343225,1,1.905338505553648
1.4428853546815696,1.392045826651156,1,1.905354175801043
0.9887569117105813,1.4031060528941453,1,1.9062470370968445
2.4770144017194395,1.4640609407797456,1,1.9105093046423418
1.3583012314582017,1.4985732827335596,1,1.9124283588083542
2.1004284350909006,1.5259844390675426,1,1.913697943292329
1.55718928104034,1.551535315811634,1,1.914678382474211
2.1997280923246487,1.5539770224131644,1,1.9147618232783696
2.2512302626552265,1.5561093133874238,1,1.9148332274120499
2.641005854707452,1.5706587536260486,1,1.9152840387617045
2.246668320302193,1.5726227569393814,1,1.9153400281231476
1.5393796112200184,1.5776424761861563,1,1.9154778706930602
1.2998429224285348,1.5801660041324794,1,1.9155443119738387
2.308422964834752,1.590290293097496,1,1.91579166410073
1.7474948702909114,1.603428057860583,1,1.9160667984201074
1.7822623757746194,1.6051494725979865,1,1.9160990118917542
1.5261536501734811,1.6075463430024683,1,1.9161423847661427
1.9716110340203996,1.620475733652711,1,1.9163466263227618
2.3051339123169554,1.6349054221063852,1,1.916515350168264
1.4362712436761522,1.6450266283936799,1,1.9165964229781982
2.708600945661198,1.6482685948722064,1,1.9166158933098036
0.5381263051061078,1.6565012349747121,1,1.916651166266444
2.6437550053686003,1.6608375823125243,1,1.9166615699330056
2.3566735349287344,1.6756584751419723,1,1.9166545387737182
2.2978873682855334,1.6849539708346128,1,1.916616502842607
2.275244877632976,1.6891914932057261,1,1.9165905614950745
2.157704717701246,1.7135756369680166,1,1.9163365989424568
1.6467913752343248,1.7443408537656069,1,1.9157616747654445
1.5874187425165351,1.7488646414130926,1,1.9156531906088046
2.102107548761377,1.770945272874087,1,1.9150355625097824
1.7974868046023915,1.8050386104732752,1,1.9137946474417438
2.9369740075154587,1.8088233703747392,1,1.913635387405295
2.205703632846201,1.821120020467788,1,1.9130882908916045
1.8172467882917247,1.862422744743526,1,1.9109186003510616
2.574748393459716,1.8683533743023872,1,1.9105650374611263
1.836893620747533,1.8715943163260818,1,1.910367365427427
1.4911941014130008,1.8911750661209226,1,1.9091060634528398
2.618113842555894,1.9170696916989982,1,1.9072614154248653
2.513319425324603,1.9359129178337753,1,1.9057926351015353
2.1783539243555605,1.9366736174561083,1,1.905731103645475
1.334479576283417,1.9629106763750315,1,1.9035025896734532
3.129017469683457,1.9686701917089522,1,1.9029857472959717
2.11228695312043,2.0074813440442085,1,1.899243470019273
1.6447264825653298,2.0279491296969354,1,1.8970879139526842
2.1364332988339405,2.064946172758937,1,1.8928726819207013
2.085005815459241,2.079906715080142,1,1.891051566024751
1.9877530941971713,2.088394067250192,1,1.8899885666062262
1.946763190115432,2.0888359379023314,1,1.8899326326303187
1.2779808752191086,2.1036062412895262,1,1.888029237885926
1.4175090518100586,2.1310267969965935,1,1.8843221170706626
3.4819950623432216,2.1330156293697655,1,1.8840444634145284
1.9360302801081577,2.172717433422804,1,1.8782535598864956
2.567170202281414,2.238354936707765,1,1.8676425449512792
1.1528963575054265,2.24684895016253,1,1.8661749443542957
2.8328130689173285,2.2938898066058755,1,1.8576553365753865
2.5223922161876664,2.3129563638940454,1,1.8540131107553282
1.370987425547503,2.323018843308091,1,1.8520469396993764
1.6871336363594864,2.3244029842317104,1,1.8517741071500629
1.9949079305695434,2.327322205528617,1,1.8511968055123207
1.5752671752750729,2.3389406269416213,1,1.848873825017101
1.4596150088100366,2.35500929877162,1,1.8455943297906905
2.0963273658518546,2.3783153225667775,1,1.8407000952500017
2.4103806087162987,2.398838575463742,1,1.8362553110619337
1.7795270246108092,2.3989194352179766,1,1.8362375491090082
1.7609131385583559,2.416001905221492,1,1.8324411717056641
1.8111658914490123,2.421196571085602,1,1.8312693601672996
2.1918487514292013,2.4256936623714864,1,1.8302483696353642
1.9285545722370385,2.4351488426327705,1,1.828081938450027
1.804745512944911,2.4427721509709954,1,1.826315708251578
1.7963119909154452,2.454413087107241,1,1.8235850032291259
1.3235515379110805,2.4639831762760878,1,1.8213096241923041
1.6216488397357667,2.4747962364926934,1,1.818705656422587
1.7843000519355863,2.4762378609739244,1,1.8183558388688548
1.4805030177671648,2.4816114036366343,1,1.8170464280194092
1.8688977456574833,2.4874936300329864,1,1.8156031310982907
1.879729867434696,2.4957925477065146,1,1.8135492076751512
1.8008839556251277,2.5092881359159946,1,1.8101650256006823
1.4045097053665754,2.5120019703172147,1,1.809477900326972
1.654864731251675,2.5702624628320336,1,1.7941938622395082
1.2299140271146949,2.5728903501294553,1,1.793480461996337
2.2904278985295354,2.5795146892778575,1,1.7916729398088926
1.6760252190475051,2.5806139619089663,1,1.7913717178945596
1.5598420091967815,2.582653339486569,1,1.7908119289491156
1.7312785307058483,2.5895819603465497,1,1.788900770770433
1.0934560164306046,2.5911998515948653,1,1.788452425161645
1.839690528472361,2.593397160526365,1,1.7878422554292508
1.0830255527983992,2.5967063545249403,1,1.7869205935179395
2.034981782175564,2.615121800918132,1,1.7817315954134718
1.8976363835222148,2.6334178680554032,1,1.7764754838586818
1.296240506516133,2.6389526179991663,1,1.7748656709928852
2.0992828797817786,2.654597875662148,1,1.7702654556105757
1.550323610524186,2.678554691374302,1,1.7630790604846587
1.6100092333545988,2.681519959587604,1,1.7621775857437962
1.202529368271693,2.688157670199871,1,1.7601500861217758
1.9184322781821732,2.7352362195961177,1,1.7453905332494897
1.2382594182365898,2.7493732050061226,1,1.7408286494422156
1.6456552478979758,2.757948678918183,1,1.738032202127109
1.6680857185777545,2.759688012301922,1,1.7374623173645212
1.633507229659798,2.765108705498278,1,1.7356804297657846
2.429380230252085,2.7732100849971175,1,1.733000916169101
1.8758777382156882,2.8312110365368426,1,1.7132421282572179
1.2832735654321021,2.838354678824544,1,1.710738746991495
1.1592274140955787,2.8389609698206186,1,1.7105255766855854
1.6571348319988068,2.8434481541626155,1,1.70894446626969
2.029323069323707,2.9063291801139712,1,1.6861521945796936
0.8161556266782131,2.9208667296916246,1,1.6807139969528953
1.5331059019390794,2.9361236514523625,1,1.674938511233488
2.569149095987679,2.9410843807272613,1,1.673045590179952
1.9604979496777948,2.9692384088411927,1,1.6621626951399298
1.5710304593166828,2.9705290403217077,1,1.661658103251663
1.104729173391544,2.9716045944951475,1,1.6612372173438732
1.6135188188406564,2.9847307316958904,1,1.6560727347384625
1.3012730907125756,2.9946270887739956,1,1.6521448342641454
1.7692268530500987,3.010432959999889,1,1.6458104890018903
1.9476257084460933,3.0213563283905387,1,1.641389054729436
1.631864946315948,3.024020192679018,1,1.6403053774799423
1.7459474328105822,3.0296143842861056,1,1.638022694522061
1.7954852479780097,3.039313645567745,1,1.634042707363728
1.4266459993587615,3.0471187247894704,1,1.630819483950344
0.18481032603988323,3.0686535756103694,1,1.621831572739239
1.608354534661664,3.0717450962401927,1,1.6205298576787457
1.4778612048146604,3.073523403145373,1,1.6197797851203393
1.0448290177927286,3.0764844524674118,1,1.6185287382926494
1.9356596178466594,3.07802801951766,1,1.6178755364184587
1.157470250160824,3.100833878852427,1,1.6081413277903653
0.9925133050631055,3.105985524598509,1,1.6059208504469331
1.4918952739072915,3.1465241475962102,1,1.5881699420871964
1.5308804170524903,3.1559449015185237,1,1.5839742175461473
1.596414410382801,3.1607571872882545,1,1.5818206940949737
1.1039211490038825,3.192004202865064,1,1.5676684767662972
0.6765105627739945,3.20756298257038,1,1.5605124482118213
1.2363216530596601,3.2122864644043148,1,1.5583255827928815
1.44405147041278,3.218511783052236,1,1.5554331768792056
2.6197700547468212,3.248006778303534,1,1.541571184365912
1.9186137712245661,3.255119288805872,1,1.538189406749529
1.317714304875773,3.285962389782071,1,1.5233488708316905
1.3377801102348688,3.2956440397538245,1,1.518631574362176
1.108396222134353,3.302932211663574,1,1.5150619266050627
1.9004795597694784,3.3038590848445892,1,1.5146068145457758
1.0601999288372825,3.3134504687041044,1,1.5098821330687349
2.1343963885521005,3.345116013661027,1,1.4940878351027975
1.5584731813356898,3.3454284840263426,1,1.4939304807529525
0.6073912145069646,3.347026624251157,1,1.493125228608664
1.9124521433569217,3.3541903202421963,1,1.4895062544601312
1.6798137030101883,3.354756273329258,1,1.4892196886483273
2.278567074371089,3.372956281527877,1,1.4799530291991843
1.7790776325110487,3.3779683941975236,1,1.4773836262691524
1.0919917768820615,3.3807585947215557,1,1.4759499959932276
1.3496588714265678,3.4165254468098283,1,1.4573658041000497
0.9202301466578384,3.417106324341148,1,1.4570608173927333
0.847024446949877,3.4356008120812476,1,1.4472974650446246
1.8998013101674542,3.437064124736935,1,1.4465205927354166
0.7092309392439868,3.4463473479263484,1,1.441577167579328
1.1896925135905168,3.4589329827576876,1,1.4348338844974948
1.117550016088789,3.4839241043664515,1,1.4213029774353887
1.3973411756269616,3.5026492178440094,1,1.4110418774325173
1.4338502972750309,3.5031191632151604,1,1.4107830008547873
1.9834296531222373,3.554558854084462,1,1.3820461299696947
1.7112595622361524,3.6050943075679243,1,1.3530414088151645
1.1848470504609887,3.609153835568577,1,1.350678206464383
2.422333925509669,3.6180530954152346,1,1.3454803175210535
2.4176296915378614,3.625790972728282,1,1.340941459676456
2.0777581366622777,3.646979359909892,1,1.3284209122136312
2.130993068336861,3.6483383201994,1,1.327613285304393
1.2378855296932003,3.670089109800756,1,1.314611443818662
1.119394772372318,3.6915831873193383,1,1.3016236293248484
0.5781781715714955,3.7001938186585903,1,1.2963817649834093
1.1300816705111676,3.7367986771278083,1,1.2738496855562835
0.6087115735823454,3.7790451548062265,1,1.247345235093451
-0.1233559725109985,3.7803451623767614,1,1.2465211491825734
1.2679060064945282,3.78820042591542,1,1.2415308429218448
1.6928881047236122,3.797018330078572,1,1.235906935196386
1.3830739804356909,3.8231927156448364,1,1.2190759766784574
1.2218061205157713,3.8240882963873446,1,1.2184964534086729
1.880197296244492,3.8323957775719464,1,1.2131092793932807
1.4036274573493996,3.8334051962010562,1,1.2124532883613393
1.1445766669761954,3.847315590828657,1,1.2033822070993399
0.21406095340314113,3.9022341277450323,1,1.1670023857118115
1.186790387602599,3.9169599674642086,1,1.1570936757245223
1.2830619113464878,3.9283638168126345,1,1.149375566819908
2.26109081755136,3.9476804877631366,1,1.1362130588616988
0.47887997095045154,3.961858495604247,1,1.1264808369233918
1.1623107092631662,3.9858048921450973,1,1.1099063503353803
0.12622137784860454,4.004245961550623,1,1.0970251226861403
1.6233529277567174,4.077197669539601,1,1.045067709294928
0.622357624655681,4.081691454630345,1,1.0418149576948155
0.9795605656684142,4.126529882196337,1,1.0090276107992713
1.4256598293507334,4.130877668503672,1,1.0058162874304863
0.7075929634696242,4.134216727688909,1,1.0033461711190363
0.6621773549219119,4.14000726537779,1,0.9990546090817625
0.9878938503248028,4.1431690962053835,1,0.9967070241399916
0.783473353738585,4.146581660024822,1,0.9941699105242798
2.0971462508113667,4.159742237534374,1,0.9843527963580652
0.8226271180996974,4.185143732465804,1,0.9652576570232321
0.7705691759989731,4.204113811720163,1,0.9508709645756466
1.1182166496035533,4.209163768682629,1,0.9470229396027317
2.2825612338661596,4.231808581389487,1,0.9296737102664885
0.1741973734243084,4.2343348427675664,1,0.9277286872824688
1.323296169298473,4.24295699223876,1,0.9210758904212124
1.6618952852687021,4.246486336924136,1,0.9183462370095632
0.5791414766201559,4.2640047636814415,1,0.9047418881360172
0.7603013945149071,4.270732831209898,1,0.8994925782688323
0.9293284653865875,4.275750026572496,1,0.8955692698260433
0.951621235056244,4.293552117887884,1,0.8815875905910118
0.7726682394027098,4.294515708461404,1,0.880828078697439
1.2861896414170413,4.30158105911687,1,0.8752505883354833
1.1569873539602944,4.303238675929606,1,0.8739398726623446
0.2617859325902969,4.315205917228013,1,0.8644526424020582
0.9380168869578354,4.321735710836947,1,0.8592579222699741
0.2178783685916975,4.323459218721837,1,0.8578846669682929
1.2611837494850247,4.342953495215625,1,0.8422899883669706
0.5171120033696062,4.353907774202526,1,0.8334769511620839
0.33360839926694735,4.370862804353237,1,0.8197651540048221
1.0235854026739413,4.394272437784821,1,0.8006916802711079
1.1417565680115278,4.423607150092721,1,0.7765585422936438
1.3579657864699772,4.439130460377783,1,0.7636833435508117
0.03330630369408427,4.458531211130321,1,0.7474905214716796
-0.02370647862940578,4.460469968616962,1,0.7458661331684104
0.6567987400717179,4.467787365429103,1,0.7397250913113624
0.6825753301282077,4.4703797576949,1,0.737545602146203
0.36939784168429585,4.473612857982516,1,0.734824628525284
-0.18621824030517264,4.480816712602973,1,0.7287505945101693
-0.36479672973134214,4.493667776696384,1,0.7178763752502784
1.360187105206585,4.495189879089594,1,0.716585132184369
1.6299919401654743,4.501987083349377,1,0.7108103868779945
0.28950872739363276,4.50304938480258,1,0.7099066281056561
0.7099704227107395,4.511434463784099,1,0.7027610937392121
0.10767570047860486,4.5182941458188,1,0.6968997746883345
0.2172365802058016,4.533465311396867,1,0.6838864962526299
1.1149799591587184,4.553637171629816,1,0.6664768621875892
0.05912948337865276,4.558402160182595,1,0.662346541997695
0.9686665199218212,4.559926111251116,1,0.6610241346150993
0.085511106432694,4.60118401562795,1,0.6249578559634523
0.48464266908745074,4.622228268999606,1,0.6063650088889383
0.5336791385646799,4.648370074573904,1,0.5830833847578218
0.5763340396682607,4.659397006034851,1,0.5732014340404454
-0.3063424560483762,4.660003210883588,1,0.5726571166249923
-0.8923431395423587,4.672963202465326,1,0.5609938374934145
0.3097817127087681,4.707029759883881,1,0.5300955058770649
0.4226174290883124,4.71920439042151,1,0.5189686834247067
0.4008987635408504,4.721297773066908,1,0.5170509872384721
0.877703881300741,4.740237381774932,1,0.49964112555099627
0.7102879427750305,4.7433514962904155,1,0.4967682355411296
0.9048793661335197,4.75793692516163,1,0.48327389500833906
0.4991950375763147,4.763571531511843,1,0.4780437053814084
0.4006279770899443,4.770535454154015,1,0.4715664491759397
0.8046314105451681,4.777016630396247,1,0.4655251321357765
0.4426580043324487,4.783098422922194,1,0.4598446329569805
0.5572431992768503,4.797886356245726,1,0.4459861550055293
0.11403550758359288,4.802127087023109,1,0.44199985952339693
0.4372543332984677,4.807865065522492,1,0.4365975595205067
0.260815587292197,4.809583162423223,1,0.434978051771866
0.09465129893070073,4.830440243240446,1,0.41524718009270023
-0.94246980215475,4.836351147387177,1,0.40963171056859915
1.20881961638712,4.849218933377415,1,0.39737082711480864
0.6593316232549024,4.856330882757902,1,0.3905729949547294
0.44692140755315823,4.8566220491193235,1,0.3902943653608655
-0.16730081442966627,4.866527512203902,1,0.38080025204632584
0.30094821687138007,4.878338575363159,1,0.36944119930014097
0.46569672813312674,4.881674468051642,1,0.3662253922217289
-0.1004859468816593,4.885014733299613,1,0.36300202496666323
-0.38011945352299414,4.897098927758634,1,0.3513127776411027
-0.2663125433112563,4.902037512511015,1,0.34652299014573096
0.801757975937797,4.916091496124864,1,0.33285240832175234
-0.746247915033748,4.921504175290465,1,0.3275715855350101
-0.10044172840115878,4.925159872509539,1,0.323999970788043
0.4043262371130796,4.94497281499207,1,0.3045729863444455
0.5567381591617213,4.945982450153679,1,0.3035798654926114
-0.002157134203217226,4.982450008392334,1,0.26750379127685164
0.12597724802213459,4.987408081069589,1,0.26256813546705926
-0.027303181224501538,4.988318113610148,1,0.26166141641940754
